Handle,Title,Body (HTML),Vendor,Product Category,Type,Tags,Published,Option1 Name,Option1 Value,Option1 Linked To,Option2 Name,Option2 Value,Option2 Linked To,Option3 Name,Option3 Value,Option3 Linked To,Variant SKU,Variant Grams,Variant Inventory Tracker,Variant Inventory Qty,Variant Inventory Policy,Variant Fulfillment Service,Variant Price,Variant Compare At Price,Variant Requires Shipping,Variant Taxable,Variant Barcode,Image Src,Image Position,Image Alt Text,Gift Card,SEO Title,SEO Description,Google Shopping / Google Product Category,Google Shopping / Gender,Google Shopping / Age Group,Google Shopping / MPN,Google Shopping / Condition,Google Shopping / Custom Product,Google Shopping / Custom Label 0,Google Shopping / Custom Label 1,Google Shopping / Custom Label 2,Google Shopping / Custom Label 3,Google Shopping / Custom Label 4,Beae product countdown end at (product.metafields.beae.countdown),Beae product countdown start at (product.metafields.beae.countdown_from),Bought together products (product.metafields.globo--filter--product_recommendation.bought_together_products),Complementary products (product.metafields.globo--filter--product_recommendation.complementary_products),Related products (product.metafields.globo--filter--product_recommendation.related_products),Product rating count (product.metafields.reviews.rating_count),Accessory size (product.metafields.shopify.accessory-size),Additional animation software features (product.metafields.shopify.additional-animation-software-features),Age group (product.metafields.shopify.age-group),Allergen information (product.metafields.shopify.allergen-information),Color (product.metafields.shopify.color-pattern),Fat content (product.metafields.shopify.fat-content),License type (product.metafields.shopify.license-type),Operating system (product.metafields.shopify.operating-system),Target gender (product.metafields.shopify.target-gender),User type (product.metafields.shopify.user-type),Complementary products (product.metafields.shopify--discovery--product_recommendation.complementary_products),Related products (product.metafields.shopify--discovery--product_recommendation.related_products),Related products settings (product.metafields.shopify--discovery--product_recommendation.related_products_display),Search product boosts (product.metafields.shopify--discovery--product_search_boost.queries),Variant Image,Variant Weight Unit,Variant Tax Code,Cost per item,Included / Lithuania,Price / Lithuania,Compare At Price / Lithuania,Included / International,Price / International,Compare At Price / International,Status
crep-protect-suede-reviver,Crep Protect Suede Reviver,"<p>Revive your suede and nubuck shoes to their former glory with Crep Protect Suede Reviver, a 3-in-1 shoe care product that nourishes, conditions, and restores the original texture and appearance of your beloved shoes.</p>
<p>This innovative shoe care solution is designed to provide a rich and intense moisturizing treatment that leaves your suede and nubuck shoes looking vibrant, fresh, and revitalized. With its easy-to-use formula, you can effortlessly restore the original texture and appearance of your shoes, making them look like new again.</p>
<p><strong>Key Features:</strong></p>
<ul>
<li>
<strong>3-in-1 formula</strong>: Purifies, conditions, and restores the original texture and appearance of suede and nubuck shoes</li>
<li>
<strong>Rich and intense moisturizing treatment</strong>: Nourishes and hydrates your shoes, leaving them looking vibrant and fresh</li>
<li>
<strong>Easy to use</strong>: Simply apply, wait for 1 minute, and wipe off with a soft cloth</li>
<li>
<strong>45ml bottle</strong>: Perfect for regular use and travel</li>
</ul>
<p><strong>Benefits:</strong></p>
<ul>
<li>Restores the original texture and appearance of your suede and nubuck shoes</li>
<li>Protects your shoes from water and stains</li>
<li>Easy to use and maintain</li>
<li>Perfect for suede and nubuck shoes</li>
</ul>
<p><strong>Why Choose Crep Protect Suede Reviver?</strong></p>
<p>At viskasbatams.lt, we are committed to providing you with the best shoe care solutions for your beloved shoes. With Crep Protect Suede Reviver, you can trust that your shoes will be protected, restored, and revitalized, making them look like new again. Order now and experience the power of Crep Protect Suede Reviver for yourself!</p>
<p> </p>",CREP,Home & Garden > Household Supplies > Shoe Care & Tools,"","CREP, Restore, Reviver, Suede",true,Title,Default Title,,,,,,,,,0.0,shopify,25,continue,manual,17.99,19.49,true,true,,https://cdn.shopify.com/s/files/1/0922/4883/4388/files/Untitled_design_jpg.webp?v=1738509330,1,"",false,,,,,,,,,,,,,,,,,,,,,,,milk,,full-fat,,,,,,,,,,kg,,,true,,,true,,,active
crep-protect-suede-reviver,,,,,,,,,,,,,,,,,,,,,,,,,,,,https://cdn.shopify.com/s/files/1/0922/4883/4388/files/Product_Suede_LaunchAssets_HowToImage1_webp.webp?v=1738509350,2,"",,,,,,,,,,,,,,,,,,,,,,,,,,,,,,,,,,,,,,,,,,,,,
crep-protect-suede-reviver,,,,,,,,,,,,,,,,,,,,,,,,,,,,https://cdn.shopify.com/s/files/1/0922/4883/4388/files/Product_Suede_LaunchAssets_HowToImage2_webp.webp?v=1738509364,3,"",,,,,,,,,,,,,,,,,,,,,,,,,,,,,,,,,,,,,,,,,,,,,
crep-protect-cure-refill,Crep Protect Cure Refill,"<p>Protect your shoes from stains and damage with Crep Protect Cure Refill, a powerful and eco-friendly shoe care product. This 250ml refill is designed to be used with the Crep Protect Cure spray, providing an effective and long-lasting solution for cleaning and protecting your shoes.</p>
<p><strong>Key Features:</strong></p>
<ul>
<li>
<strong>100+ stain removal</strong>: Crep Protect Cure Refill is capable of removing even the toughest stains from your shoes, leaving them looking like new.</li>
<li>
<strong>Suitable for all materials</strong>: This product is safe to use on textiles, synthetics, and leathers, making it a versatile solution for all your shoe care needs.</li>
<li>
<strong>98% natural ingredients</strong>: Crep Protect Cure Refill is made with high-quality, natural ingredients that are gentle on your shoes and the environment.</li>
<li>
<strong>Easy to use</strong>: Simply spray the product onto your shoes, let it sit for a few minutes, and then wipe clean with a cloth.</li>
</ul>
<p><strong>Benefits:</strong></p>
<ul>
<li>
<strong>Long-lasting protection</strong>: Crep Protect Cure Refill provides a barrier against stains and damage, keeping your shoes looking their best for longer.</li>
<li>
<strong>Easy maintenance</strong>: This product makes it simple to keep your shoes clean and protected, saving you time and effort.</li>
<li>
<strong>Eco-friendly</strong>: With 98% natural ingredients, Crep Protect Cure Refill is a more sustainable choice for shoe care.</li>
</ul>
<p><strong>Why Choose Crep Protect Cure Refill?</strong></p>
<p>At viskasbatams.lt, we're committed to providing our customers with the best shoe care products on the market. Crep Protect Cure Refill is a high-quality, effective solution that will keep your shoes looking great for years to come. Order now and experience the benefits of this amazing product for yourself!</p>
<p> </p>",CREP,Home & Garden > Household Supplies > Shoe Care & Tools,"","Autumn, CREP, Protect, Repel, Shoe Care, Winter",true,Title,Default Title,,,,,,,,,0.0,shopify,25,continue,manual,17.99,19.49,true,true,,https://cdn.shopify.com/s/files/1/0922/4883/4388/files/crep-protect-cure-refill-sampunas-batams-200-ml.webp?v=1738509730,1,"",false,,,,,,,,,,,,,,,,,,,,,,,milk,,full-fat,,,,,,,,,,kg,,,true,,,true,,,active
crep-protect-cure-refill,,,,,,,,,,,,,,,,,,,,,,,,,,,,https://cdn.shopify.com/s/files/1/0922/4883/4388/files/MfxBfCvg_png.webp?v=1738509743,2,"",,,,,,,,,,,,,,,,,,,,,,,,,,,,,,,,,,,,,,,,,,,,,
crep-protect-cure-refill,,,,,,,,,,,,,,,,,,,,,,,,,,,,https://cdn.shopify.com/s/files/1/0922/4883/4388/files/WWY3q9Aw_png.webp?v=1738509753,3,"",,,,,,,,,,,,,,,,,,,,,,,,,,,,,,,,,,,,,,,,,,,,,
jason-markk-shoe-cleaning-foam,Jason Markk Shoe Cleaning Foam,"<p>Ready-To-Use (RTU) Shoe Cleaning Solution is a premium, Made in the USA product designed to provide a thorough and gentle cleaning experience for all types of shoes. This expertly formulated solution is specifically designed to effectively clean and condition your shoes, leaving them looking like new.</p>
<p><strong>Key Features:</strong></p>
<ul>
<li>Ready-to-use formula for easy application</li>
<li>Gentle on all surfaces, including leather, suede, nubuck, and more</li>
<li>Safely cleans and conditions your shoes, removing dirt and grime</li>
<li>Suitable for all types of shoes, including those with natural or synthetic materials</li>
</ul>
<p><strong>Benefits:</strong></p>
<ul>
<li>Easy to use, with no need for dilution or mixing</li>
<li>Effective cleaning and conditioning in one step</li>
<li>Leaves your shoes looking clean, fresh, and revitalized</li>
<li>Safely protects your shoes from damage and wear</li>
</ul>
<p><strong>Why Choose Our RTU Shoe Cleaning Solution?</strong></p>
<p>At viskasbatams.lt, we understand the importance of proper shoe care. Our RTU Shoe Cleaning Solution is designed to provide a convenient and effective solution for cleaning and conditioning your shoes. With its gentle formula and easy-to-use design, this product is perfect for anyone looking to keep their shoes looking their best.</p>
<p><strong>Order Now and Keep Your Shoes Looking Their Best!</strong></p>
<p> </p>",Jason Markk,Home & Garden > Household Supplies > Shoe Care & Tools,"","Autumn, Cleaner, Foam, Jason Markk, summer",true,Title,Default Title,,,,,,,,,0.0,shopify,25,continue,manual,21.99,23.79,true,true,,https://cdn.shopify.com/s/files/1/0922/4883/4388/files/jason-markk-rtu-foam.webp?v=1738510986,1,"",false,,,,,,,,,,,,,,,,,,,,,,,milk,,full-fat,,,,,,,,,,kg,,,true,,,true,,,active
jason-markk-shoe-cleaning-foam,,,,,,,,,,,,,,,,,,,,,,,,,,,,https://cdn.shopify.com/s/files/1/0922/4883/4388/files/jason-markk-rtu-foam-3.webp?v=1739047990,2,"",,,,,,,,,,,,,,,,,,,,,,,,,,,,,,,,,,,,,,,,,,,,,
jason-markk-shoe-cleaning-foam,,,,,,,,,,,,,,,,,,,,,,,,,,,,https://cdn.shopify.com/s/files/1/0922/4883/4388/files/jason-markk-rtu-foam-2.webp?v=1738511001,3,"",,,,,,,,,,,,,,,,,,,,,,,,,,,,,,,,,,,,,,,,,,,,,
saphir-sole-oil,Saphir Sole Oil,"<p>The Saphir Sole Guard is a premium leather care solution designed to protect and condition your leather shoes. This effective product helps to condition and preserve the leather, making it more resistant to moisture and slowing down the aging process. With the Saphir Sole Guard, you can enjoy the comfort and durability of your leather shoes for a longer period.</p>
<p><strong>Key Features:</strong></p>
<ul>
<li>
<strong>Leather Protection</strong>: Saphir Sole Guard creates a protective barrier against moisture, preventing water spots and stains.</li>
<li>
<strong>Leather Conditioning</strong>: This product helps to nourish and moisturize the leather, keeping it soft and supple.</li>
<li>
<strong>Easy to Apply</strong>: Simply apply the Saphir Sole Guard to a clean, dry leather surface for optimal results.</li>
</ul>
<p><strong>Benefits:</strong></p>
<ul>
<li>
<strong>Long-lasting Protection</strong>: Saphir Sole Guard provides long-lasting protection against wear and tear.</li>
<li>
<strong>Easy Maintenance</strong>: Regular application of this product makes maintenance a breeze.</li>
<li>
<strong>Enhanced Appearance</strong>: Your leather shoes will look their best with a rich, healthy shine.</li>
</ul>",Saphir,Home & Garden > Household Supplies > Shoe Care & Tools > Shoe Care Kits,"","Autumn, Protect, Repel, Reviver, Shoe Care, Spring, Winter",true,Title,Default Title,,,,,,,,,0.0,shopify,25,continue,manual,20.99,23.69,true,true,,https://cdn.shopify.com/s/files/1/0922/4883/4388/files/Saphir-Sole-Guard-priemone-odiniu-padu-prieziurai.jpg?v=1736452473,1,"",false,,,,,,,,,,,,,,,,,,,,,,,milk,,full-fat,,,,,,,,,,kg,,,true,,,true,,,active
saphir-etalon-noir-leather-oil,Saphir Etalon Noir Leather Oil,"<p>Introducing Saphir Etalon Noir, a premium leather oil that deeply nourishes and moisturizes your leather goods, restoring their softness and suppleness. This high-quality oil is designed to penetrate deeply into the leather, conditioning and protecting it from dryness, cracking, and fading.</p>
<p><strong>Key Features:</strong></p>
<ul>
<li>
<strong>Deeply moisturizing</strong>: Saphir Etalon Noir is formulated with a unique blend of oils that deeply nourish and moisturize your leather goods, leaving them feeling soft and supple.</li>
<li>
<strong>Protects against dryness and cracking</strong>: This oil helps to prevent dryness and cracking by locking in moisture and maintaining the leather's natural elasticity.</li>
<li>
<strong>Suitable for various leather types</strong>: Saphir Etalon Noir is suitable for use on a wide range of leather types, including shoes, belts, bags, and more.</li>
<li>
<strong>Free from paraffin</strong>: This oil is free from paraffin, which means it won't leave a sticky residue on your leather goods.</li>
</ul>
<p><strong>Benefits:</strong></p>
<ul>
<li>Restores leather's natural softness and suppleness</li>
<li>Prevents dryness and cracking</li>
<li>Maintains leather's natural elasticity</li>
<li>Leaves a pleasant, non-greasy finish</li>
</ul>",Saphir,Home & Garden > Household Supplies > Shoe Care & Tools > Shoe Polishes & Waxes > Shoe Polishes,"","Autumn, Restore, Reviver, Shoe Care, summer",true,Title,Default Title,,,,,,,,,0.0,shopify,25,continue,manual,21.99,24.89,true,true,,https://cdn.shopify.com/s/files/1/0922/4883/4388/files/Saphir-Etalon-Noir-odos-minkstiklis.jpg?v=1736452769,1,"",false,,,,,,,,,,,,,,,,,,,,,,,milk,,full-fat,,,,,,,,,,kg,,,true,,,true,,,active
saphir-etalon-noir-leather-oil,,,,,,,,,,,,,,,,,,,,,,,,,,,,https://cdn.shopify.com/s/files/1/0922/4883/4388/files/download_c46d1500-babc-4508-b090-aebb9ee76d59.jpg?v=1738851727,2,"",,,,,,,,,,,,,,,,,,,,,,,,,,,,,,,,,,,,,,,,,,,,,
saphir-leather-lotion,Saphir Leather Lotion,"<p>Indulge your fine leather shoes in the ultimate care experience with Lotion Saphir Medaille d'Or Leather Lotion. This exquisite French-made formula has been crafted to gently cleanse, moisturize, nourish, and protect your leather shoes, leaving them with a soft touch and a radiant natural shine.</p>
<p>Our lotion is designed to make application effortless, ensuring a quick and easy way to keep your leather shoes looking their best. With regular use, you can expect to see:</p>
<ul>
<li>A soft, supple texture that enhances the natural beauty of your leather shoes</li>
<li>A natural shine that adds depth and character to your footwear</li>
<li>Long-lasting protection against dryness and cracking</li>
<li>A fragrance that is subtle and sophisticated, perfect for everyday wear</li>
</ul>
<p><strong>Key Features:</strong></p>
<ul>
<li>Gently cleanses and moisturizes leather</li>
<li>Nourishes and protects against dryness and cracking</li>
<li>Easy to apply, with a soft and subtle fragrance</li>
<li>Made in France with high-quality ingredients</li>
<li>Leaves a natural shine and soft texture on leather</li>
</ul>",Saphir,Home & Garden > Household Supplies > Shoe Care & Tools > Shoe Polishers,"","Autumn, Protect, Restore, Reviver, Shoe Care, Spring",true,Title,Default Title,,,,,,,,,0.0,shopify,25,continue,manual,15.99,18.59,true,true,,https://cdn.shopify.com/s/files/1/0922/4883/4388/files/saphir-lotion.jpg?v=1736452621,1,"",false,,,,,,,,,,,,,,,,,,,,,,,milk,,full-fat,,,,,,,,,,kg,,,true,,,true,,,active
saphir-leather-lotion,,,,,,,,,,,,,,,,,,,,,,,,,,,,https://cdn.shopify.com/s/files/1/0922/4883/4388/files/download_6558f400-3ca1-4ad4-a5e1-4b9e5704abd6.jpg?v=1738852180,2,"",,,,,,,,,,,,,,,,,,,,,,,,,,,,,,,,,,,,,,,,,,,,,
nano-shoe-impregnant-wax,Nano Shoe Impregnant Wax,"<p>Keep your shoes protected and looking their best with our<span> </span><strong>Nano Shoe Impregnant</strong>, a unique blend of three carefully selected waxes that provide long-lasting water-repellent protection and easy maintenance. This innovative product is designed to repel water and prevent stains, keeping your shoes in great condition for longer.</p>
<p>With the<span> </span><strong>Nano Shoe Impregnant</strong>, you can enjoy a hassle-free shoe care experience. Our product is easy to apply and provides a strong, long-lasting barrier against water and stains. The convenient travel-sized bottle and transport-friendly packaging make it easy to take with you wherever you go.</p>
<p><strong>Key Features:</strong></p>
<ul>
<li>Unique blend of three carefully selected waxes</li>
<li>Provides long-lasting water-repellent protection</li>
<li>Easy to apply and maintain</li>
<li>Convenient travel-sized bottle and transport-friendly packaging</li>
</ul>
<p><strong>Benefits:</strong></p>
<ul>
<li>Protects your shoes from water spots and stains</li>
<li>Easy maintenance and upkeep</li>
<li>Keeps your shoes looking new and fresh for longer</li>
<li>Convenient and portable</li>
</ul>
<p> </p>",Nano Care,Home & Garden > Household Supplies > Shoe Care & Tools > Shoe Polishes & Waxes > Shoe Waxes,"","Autumn, Protect, Repel, Shoe Care",true,Title,Default Title,,,,,,,,,0.0,shopify,25,continue,manual,14.99,17.99,true,true,,https://cdn.shopify.com/s/files/1/0922/4883/4388/files/nano-danga-vaskas-odinei-avalynei-impregnuoti.jpg?v=1736452971,1,"",false,,,,,,,,,,,,,,,,,,,,,,,milk,,full-fat,,,,,,,,,,kg,,,true,,,true,,,active
nano-shoe-impregnant-wax,,,,,,,,,,,,,,,,,,,,,,,,,,,,https://cdn.shopify.com/s/files/1/0922/4883/4388/files/61zsI7fgXNL._AC_SY575.jpg?v=1738852478,2,"",,,,,,,,,,,,,,,,,,,,,,,,,,,,,,,,,,,,,,,,,,,,,
nano-shoe-impregnant-wax,,,,,,,,,,,,,,,,,,,,,,,,,,,,https://cdn.shopify.com/s/files/1/0922/4883/4388/files/51VWO1ZbvgL._AC_SY575.jpg?v=1738852491,3,"",,,,,,,,,,,,,,,,,,,,,,,,,,,,,,,,,,,,,,,,,,,,,
nano-shoe-impregnant-wax,,,,,,,,,,,,,,,,,,,,,,,,,,,,https://cdn.shopify.com/s/files/1/0922/4883/4388/files/51VWO1ZbvgL._AC_SY575_20146739-0f89-4bcf-9395-1e4eccd3df39.jpg?v=1738852508,4,"",,,,,,,,,,,,,,,,,,,,,,,,,,,,,,,,,,,,,,,,,,,,,
domo-deodorant,Domo Deodorant,"<p>Are you tired of dealing with unpleasant odors in your shoes? Look no further! Our<span> Deodorant, preservative for sports shoes</span><span> </span>is a highly effective deodorant specifically designed for athletic shoes. With its 150ml capacity, this product is perfect for pre-season storage, ensuring your shoes remain fresh and odor-free throughout the off-season.</p>
<p><strong>Key Features:</strong></p>
<ul>
<li>
<strong>Long-lasting freshness</strong>: Our deodorant effectively eliminates unpleasant odors and has a long-lasting, refreshing effect.</li>
<li>
<strong>Antimicrobial properties</strong>: It protects against bacteria, fungi, and other microorganisms that can cause unpleasant odors.</li>
<li>
<strong>Easy to apply</strong>: The convenient spray nozzle allows for easy application, making it simple to reach those hard-to-reach areas.</li>
<li>
<strong>Suitable for all types of shoes</strong>: This deodorant is ideal for both natural and synthetic materials, ensuring effective odor control for all your shoes.</li>
</ul>
<p><strong>Benefits:</strong></p>
<ul>
<li>
<strong>Convenient and easy to use</strong>: Simply spray and let the deodorant work its magic.</li>
<li>
<strong>Long-lasting results</strong>: Say goodbye to unpleasant odors and hello to fresh, clean shoes.</li>
<li>
<strong>Protects against damage</strong>: Our deodorant helps prevent the growth of bacteria and fungi, which can damage your shoes over time.</li>
</ul>",Domo,Home & Garden > Household Supplies > Shoe Care & Tools,"","Autumn, Deodorant, Shoe Care, Spring, summer",true,Title,Default Title,,,,,,,,,0.0,shopify,25,continue,manual,6.69,7.99,true,true,,https://cdn.shopify.com/s/files/1/0922/4883/4388/files/dezodorantas-koncervantas-sportinei-avalynei-150-ml.jpg?v=1736453175,1,"",false,,,,,,,,,,,,,,,,,,,,,,,milk,,full-fat,,,,,,,,,,kg,,,true,,,true,,,active
domo-preventive-deodorant,Domo Preventive Deodorant,"<p>Our Prophylactic Foot Deodorant for Babies is a highly effective solution for maintaining baby foot hygiene. This gentle, long-lasting deodorant not only eliminates unpleasant odors but also protects against the development of bacterial and fungal infections.</p>
<p>Made from natural and synthetic materials, our deodorant is suitable for use on both natural and artificial baby feet. Its unique formula works to neutralize odors and provide a long-lasting, refreshing sensation. By using our Prophylactic Foot Deodorant for Babies, you can ensure your little one's feet stay fresh and healthy.</p>
<p><strong>Key Features:</strong></p>
<ul>
<li>Effectively eliminates unpleasant odors</li>
<li>Protects against bacterial and fungal infections</li>
<li>Long-lasting, refreshing formula</li>
<li>Suitable for natural and artificial baby feet</li>
<li>Gentle and non-irritating</li>
</ul>",Domo,Home & Garden > Household Supplies > Shoe Care & Tools,"","Autumn, Deodorant, Repel, Shoe Care, Spray, Spring, summer",true,Title,Default Title,,,,,,,,,0.0,shopify,25,continue,manual,6.69,7.99,true,true,,https://cdn.shopify.com/s/files/1/0922/4883/4388/files/profilaktinis-dezodorantas-batams-150-ml.jpg?v=1736453355,1,"",false,,,,,,,,,,,,,,,,,,,,,,,milk,,full-fat,,,,,,,,,,kg,,,true,,,true,,,active
coccine-skin-corrector,Coccine Skin Corrector,"<p>Restore your leather shoes and accessories to their former glory with our Skin Corrector (Concealer) for Shoes and Leather Goods. This innovative, water-based paint is specifically designed to effectively cover minor scuffs, scratches, and discoloration on natural and synthetic leather.</p>
<p><strong>Key Features:</strong></p>
<ul>
<li>Effectively conceals small imperfections on shoe surfaces, including color defects and scratches</li>
<li>Suitable for use on leather shoes, belts, wallets, and other leather products</li>
<li>Restores old, damaged leather products to their original appearance</li>
<li>Extends the lifespan of refurbished products</li>
<li>Available in a wide range of colors that can be mixed to achieve the perfect shade</li>
<li>Easy to use and apply, allowing for a rapid renewal of damaged surfaces</li>
<li>Offers an economic advantage by extending the life of your leather products</li>
</ul>
<p><strong>Benefits:</strong></p>
<ul>
<li>Gives your leather products a second life, saving you money on replacements</li>
<li>Easy to apply and use, even for those without prior experience with shoe care</li>
<li>Effective in covering minor damage and scratches</li>
<li>Offers a wide range of color options to match your style</li>
</ul>
<p><strong>Usage:</strong></p>
<ol>
<li>Clean the shoe surface thoroughly with Coccine's cleaning foam or universal dirt, stain, and salt cleaner.</li>
<li>Dry the surface and apply the Skin Corrector (Concealer) evenly with a brush in thin layers.</li>
<li>Allow the product to dry, repeating the process as needed.</li>
</ol>
<p><strong>Important:</strong></p>
<ul>
<li>Test the product on an inconspicuous area before use.</li>
<li>Keep out of reach of children and dispose of contents/container according to waste collection regulations.</li>
</ul>",Coccine,Home & Garden > Household Supplies > Shoe Care & Tools,"","Autumn, Repel, Restore, Reviver, Shoe Care, Spring",true,Title,Default Title,,,,,,,,,0.0,shopify,25,continue,manual,4.49,5.79,true,true,,https://cdn.shopify.com/s/files/1/0922/4883/4388/files/odos-maskuoklis-daziklis-juodos-spalvos-nr-02-coccine-10-ml-1.jpg?v=1736453531,1,"",false,,,,,,,,,,,,,,,,,,,,,,,milk,,full-fat,,,,,,,,,,kg,,,true,,,true,,,active
coccine-skin-corrector,,,,,,,,,,,,,,,,,,,,,,,,,,,,https://cdn.shopify.com/s/files/1/0922/4883/4388/files/odos-korektorius-maskuoklis-juodos-spalvos-nr-02-coccine-10-ml-1.jpg?v=1738853945,2,"",,,,,,,,,,,,,,,,,,,,,,,,,,,,,,,,,,,,,,,,,,,,,
domo-deodorant-for-sports-shoes,Domo Deodorant For Sports Shoes,"<p>Say goodbye to unpleasant odors in your sports baths with our effective deodorizing spray. This product is specifically designed for athletes, both men and women, to maintain hygiene and freshness after each use. Its gentle formula neutralizes odors and is safe to use on baths made of any material.</p>
<p>Our deodorizing spray is perfect for daily use, ensuring that your sports baths remain fresh and odor-free. Its unique formula penetrates deep into the material, providing a long-lasting effect against bad smells. You can trust that our product is safe and easy to use, with a quick and secure payment process.</p>
<p><strong>Key Features:</strong></p>
<ul>
<li>Gentle formula that neutralizes odors</li>
<li>Safe to use on baths made of any material</li>
<li>Perfect for daily use</li>
<li>Long-lasting effect against bad smells<br>
</li>
</ul>",Domo,Home & Garden > Household Supplies > Shoe Care & Tools,"","Autumn, Deodorant, Repel, Restore, Spray, summer",true,Title,Default Title,,,,,,,,,0.0,shopify,25,continue,manual,5.49,7.99,true,true,,https://cdn.shopify.com/s/files/1/0922/4883/4388/files/dezodorantas-sportinei-avalynei-neutralizuoja-kvapus-150-ml.jpg?v=1736453684,1,"",false,,,,,,,,,,,,,,,,,,,,,,,milk,,full-fat,,,,,,,,,,kg,,,true,,,true,,,active
collonil-brush,Collonil Brush,"<p>Take your shoe care routine to the next level with the Collonil Velours Boy, a premium brush designed to clean and roughen coarse fibers on your favorite leather shoes. Made in Germany, this exceptional tool is a must-have for anyone who wants to maintain the unique look and feel of their leather footwear.</p>
<p><strong>Key Features:</strong></p>
<ul>
<li>Effectively cleans and roughens coarse fibers for a flawless finish</li>
<li>Perfect for completing the cleaning process and reviving the natural beauty of your shoes</li>
<li>Ideal for all types of coarse leather shoes</li>
<li>Made with high-quality materials and craftsmanship</li>
</ul>
<p><strong>Benefits:</strong></p>
<ul>
<li>Enhance the appearance and durability of your shoes</li>
<li>Easy to use and gentle on the leather</li>
<li>Perfect for regular maintenance and upkeep</li>
</ul>",Collonil,Home & Garden > Household Supplies > Shoe Care & Tools > Shoe Brushes,"","Autumn, Brush, Protect, Restore, Shoe Care, Spring, summer",true,Title,Default Title,,,,,,,,,0.0,shopify,25,continue,manual,6.49,7.59,true,true,,https://cdn.shopify.com/s/files/1/0922/4883/4388/files/sepetys-zomsui-3-1.jpg?v=1736453850,1,"",false,,,,,,,,,,,,,,,,,,,,,,,milk,,full-fat,,,,,,,,,,kg,,,true,,,true,,,active
collonil-brush,,,,,,,,,,,,,,,,,,,,,,,,,,,,https://cdn.shopify.com/s/files/1/0922/4883/4388/files/618MOKhOAzL._AC_SX679.jpg?v=1738862633,2,"",,,,,,,,,,,,,,,,,,,,,,,,,,,,,,,,,,,,,,,,,,,,,
collonil-creme-de-luxe,Collonil Crème De Luxe,"<p>Indulge your shoes in the ultimate pampering experience with our Collonil 1909 Crème de Luxe Shoe Care Cream. This luxurious cream is part of the prestigious ""De Luxe"" series, designed to provide the highest level of care for your leather shoes.</p>
<p>Formulated with unique blends of high-quality oils and waxes, this cream deeply nourishes and moisturizes your shoes, restoring their natural color and luster. Its gentle, gel-like texture ensures a smooth application, while its subtle fragrance leaves a pleasant scent.</p>
<p><strong>Key Benefits:</strong></p>
<ul>
<li>Intensive moisturizing and nourishing for dry, cracked leather</li>
<li>Unique blend of high-quality oils and waxes for optimal protection</li>
<li>Gentle, gel-like texture for easy application</li>
<li>Restores natural color and luster to your shoes</li>
<li>Suitable for regular use to maintain optimal shoe care and extend lifespan</li>
</ul>
<p><strong>How to Use:</strong></p>
<ol>
<li>Apply a small amount of cream to a clean, dry shoe surface.</li>
<li>Gently massage the cream into the leather, allowing it to penetrate and dry.</li>
<li>Buff with a soft cloth or brush to achieve a rich, even finish.</li>
</ol>",Collonil,Home & Garden > Household Supplies > Shoe Care & Tools,"","Autumn, Restore, Shoe Care, Spring",true,Title,Default Title,,,,,,,,,0.0,shopify,25,continue,manual,8.99,9.89,true,true,,https://cdn.shopify.com/s/files/1/0922/4883/4388/files/1909-creme-de-luxe-1-1.jpg?v=1736454000,1,"",false,,,,,,,,,,,,,,,,,,,,,,,milk,,full-fat,,,,,,,,,,kg,,,true,,,true,,,active
collonil-creme-de-luxe,,,,,,,,,,,,,,,,,,,,,,,,,,,,https://cdn.shopify.com/s/files/1/0922/4883/4388/files/download_bc1dba65-67ac-499e-9132-447dd5e1ca36.jpg?v=1738862863,2,"",,,,,,,,,,,,,,,,,,,,,,,,,,,,,,,,,,,,,,,,,,,,,
collonil-creme-de-luxe,,,,,,,,,,,,,,,,,,,,,,,,,,,,https://cdn.shopify.com/s/files/1/0922/4883/4388/files/1909-creme-de-luxe-2.jpg?v=1738863290,3,"",,,,,,,,,,,,,,,,,,,,,,,,,,,,,,,,,,,,,,,,,,,,,
saphir-super-invulner-impregnant,Saphir Super Invulner Impregnant,"<p>Are you tired of dealing with soggy, uncomfortable shoes? Look no further than the Saphir Super Invulner Impregnant, a powerful waterproofing treatment that provides long-lasting protection against water, salt, snow, dust, and various types of dirt. Suitable for all types of leather footwear, including boots, shoes, and sandals, this Impregnant is a must-have for anyone who wants to keep their feet dry and comfortable.</p>
<p><strong>Key Features:</strong></p>
<ul>
<li>
<strong>Long-lasting protection</strong>: Our Impregnant creates a durable barrier that repels water and other substances, keeping your feet dry and comfortable for hours.</li>
<li>
<strong>Easy to apply</strong>: Simply spray the Impregnant onto your shoes, making sure to keep a 20-30 cm distance to avoid damaging the leather.</li>
<li>
<strong>Non-toxic and non-greasy</strong>: Our formula is safe to use on all types of leather and won't leave any sticky residue.</li>
<li>
<b>Quick drying</b>: Allow your shoes to air dry for 2-3 hours before wearing them again.</li>
</ul>
<p><strong>Benefits:</strong></p>
<ul>
<li>Keep your feet dry and comfortable in wet conditions</li>
<li>Protect your shoes from water, salt, snow, and other substances</li>
<li>Easy to apply and non-toxic</li>
<li>Long-lasting protection that lasts for hours</li>
</ul>",Saphir,Home & Garden > Household Supplies > Shoe Care & Tools > Shoe Polishes & Waxes > Shoe Polishes,"","Autumn, Protect, Repel, Shoe Care, Spray, Spring",true,Title,Default Title,,,,,,,,,0.0,shopify,25,deny,manual,12.79,14.79,true,true,,https://cdn.shopify.com/s/files/1/0922/4883/4388/files/IMG_0838-scaled.jpg?v=1735511892,1,"",false,,,,,,,,,,,,,,,,,,,,,3d-animation,,,,,one-time-purchase,windows,,individual; small-business; medium-sized-business-enterprise,,,,,,kg,,,true,,,true,,,active
saphir-super-invulner-impregnant,,,,,,,,,,,,,,,,,,,,,,,,,,,,https://cdn.shopify.com/s/files/1/0922/4883/4388/files/download_830e06d1-77ea-4827-b291-a8f7917f430e.jpg?v=1738863432,2,"",,,,,,,,,,,,,,,,,,,,,,,,,,,,,,,,,,,,,,,,,,,,,
saphir-super-invulner-impregnant,,,,,,,,,,,,,,,,,,,,,,,,,,,,https://cdn.shopify.com/s/files/1/0922/4883/4388/files/download_bc33fd3d-eff5-4551-906d-ac671ef865b9.jpg?v=1738863440,3,"",,,,,,,,,,,,,,,,,,,,,,,,,,,,,,,,,,,,,,,,,,,,,
saphir-luxury-shoe-care-box,Saphir Luxury Shoe Care Box,"<p>Elevate the care of your beloved shoes with our premium Loake Saphir Valet Shoe Care Box. This comprehensive kit, crafted in collaboration with Saphir, is a must-have for any shoe enthusiast. Inside the box, you'll find the essential tools to maintain and extend the lifespan of your prized shoe collection.</p>
<p><strong>Key Features:</strong></p>
<ul>
<li>Dimensions: 27.5cm x 21.5cm x 16.5cm</li>
<li>A carefully curated selection of shoe care products, designed to keep your shoes looking their best</li>
</ul>
<p><strong>Benefits:</strong></p>
<ul>
<li>Protect and preserve the quality of your shoes</li>
<li>Extend the lifespan of your favorite footwear</li>
<li>Keep your shoes looking like new with regular use</li>
</ul>
<p><strong>What's Inside the Box:</strong></p>
<ul>
<li>
<span>1 x cleaning cloth, metal shoehorn, oiled/waxy leather protector, suede cleaner, sue</span><span class=""truncated"">de protector.<br></span>
</li>
<li><span class=""truncated"">6 x Saphir for Loake Shoe Creams: Black, Brown, Dark Brown, Conker Brown, Tan and Neutral.</span></li>
<li><span class=""truncated"">2 x small applicator brushes and 2 x large polishing brushes.</span></li>
</ul>",Saphir,Home & Garden > Household Supplies > Shoe Care & Tools > Shoe Care Kits,"","Kit, Saphir, Shoe Care, summer",true,Title,Default Title,,,,,,,,,0.0,shopify,25,deny,manual,199.99,224.99,true,true,,https://cdn.shopify.com/s/files/1/0922/4883/4388/files/Bat_C5_B3-prie_C5_BEi_C5_ABros-priemoni_C5_B3-rinkinys-dovan_C5_B3-d_C4_97_C5_BE_C4_97.jpg?v=1735512115,1,"",false,,,,,,,,,,,,,,,,,,,,,3d-animation,,,,,one-time-purchase,windows,,individual; small-business; medium-sized-business-enterprise,,,,,,kg,,,true,,,true,,,active
saphir-luxury-shoe-care-box,,,,,,,,,,,,,,,,,,,,,,,,,,,,https://cdn.shopify.com/s/files/1/0922/4883/4388/files/DSC_9253.webp?v=1738863617,2,"",,,,,,,,,,,,,,,,,,,,,,,,,,,,,,,,,,,,,,,,,,,,,
saphir-luxury-shoe-care-box,,,,,,,,,,,,,,,,,,,,,,,,,,,,https://cdn.shopify.com/s/files/1/0922/4883/4388/files/XALUXVALBOX-LID-min.webp?v=1738863627,3,"",,,,,,,,,,,,,,,,,,,,,,,,,,,,,,,,,,,,,,,,,,,,,
saphir-luxury-shoe-care-box,,,,,,,,,,,,,,,,,,,,,,,,,,,,https://cdn.shopify.com/s/files/1/0922/4883/4388/files/XSELVYTCLOTH-min.webp?v=1738863637,4,"",,,,,,,,,,,,,,,,,,,,,,,,,,,,,,,,,,,,,,,,,,,,,
saphir-dubbin-graisse-shoe-wax,Saphir Dubbin Graisse Shoe Wax,"<p>Protect and maintain your premium footwear with Saphir Dubbin Graisse, a richly formulated leather balm designed to deeply nourish and shield against environmental stressors. This exceptional product is suitable for a wide range of leather types, including full-grain, waxed, oiled, and nubuck leathers.</p>
<p>The carefully crafted blend of lanolin and waxes provides long-lasting hydration and protection, preventing dryness, cracking, and brittleness. Its hydrophobic properties make it an ideal choice for outdoor enthusiasts and athletes who demand a high level of performance from their footwear.</p>
<p><strong>Key Features:</strong></p>
<ul>
<li>Deeply nourishes and protects leather from environmental stressors</li>
<li>Suitable for full-grain, waxed, oiled, and nubuck leathers</li>
<li>Hydrophobic properties for enhanced water resistance</li>
<li>Prevents dryness, cracking, and brittleness</li>
<li>Ideal for outdoor enthusiasts and athletes</li>
</ul>",Saphir,Home & Garden > Household Supplies > Shoe Care & Tools > Shoe Polishes & Waxes > Shoe Waxes,"","Autumn, Protect, Repel, Restore, Saphir, Shoe Care, Spring",true,Title,Default Title,,,,,,,,,0.0,shopify,25,deny,manual,21.49,24.59,true,true,,https://cdn.shopify.com/s/files/1/0922/4883/4388/files/Saphir-dubbin-kondicionierius-open.jpg?v=1735512279,1,"",false,,,,,,,,,,,,,,,,,,,,,3d-animation,,,,,one-time-purchase,windows,,individual; small-business; medium-sized-business-enterprise,,,,,,kg,,,true,,,true,,,active
saphir-dubbin-graisse-shoe-wax,,,,,,,,,,,,,,,,,,,,,,,,,,,,https://cdn.shopify.com/s/files/1/0922/4883/4388/files/download_6f62b2c2-2768-43d3-80ed-04bd309510a3.jpg?v=1738863979,2,"",,,,,,,,,,,,,,,,,,,,,,,,,,,,,,,,,,,,,,,,,,,,,
bufalo-leather-stretch,Bufalo Leather Stretch,"<p>Keep your leather shoes comfortable and fitting with our<span> </span><strong>Bufalo Leather Stretch</strong>. This easy-to-use spray is designed to stretch and relax tight leather shoes, making them feel like new again.</p>
<p><strong>How it works:</strong><span> </span>Our<span> </span><strong>Bufalo Leather Stretch</strong><span> </span>uses a gentle, non-greasy formula to stretch and relax leather, allowing for a comfortable fit. Simply spray the product onto the affected area, wait a few minutes, and then stretch the shoe to its new, wider width.</p>
<p><strong>Key Features:</strong></p>
<ul>
<li>Gently stretches and relaxes tight leather shoes</li>
<li>Easy to use: simply spray and stretch</li>
<li>Non-greasy formula won't leave residue on shoes</li>
<li>50ml bottle provides multiple uses</li>
</ul>
<p>By using our<span> </span><strong>Bufalo Leather Stretch</strong>, you can extend the life of your favorite shoes and keep them feeling comfortable and fitting. Perfect for dress shoes, boots, or any other type of leather shoe that's lost its shape. Try it today and say goodbye to tight, uncomfortable shoes!</p>
<p> </p>",Bufalo,Home & Garden > Household Supplies > Shoe Care & Tools > Shoe Care Kits,"","Autumn, Bufalo, Restore, Reviver, Shoe Care, summer",true,Title,Default Title,,,,,,,,,0.0,shopify,25,deny,manual,5.99,6.99,true,true,,https://cdn.shopify.com/s/files/1/0922/4883/4388/files/avalynes-pratempejas-bufalo.jpg?v=1735512443,1,"",false,,,,,,,,,,,,,,,,,,,,,3d-animation,,,,,one-time-purchase,windows,,individual; small-business; medium-sized-business-enterprise,,,,,,kg,,,true,,,true,,,active
saphir-pate-de-luxe-shoe-wax,Saphir Pate De Luxe Shoe Wax,"<p>Indulge your leather goods in the finest, all-natural Saphir Pate De Luxe leather balm. This exceptional formula combines the highest quality natural waxes and oils to nourish and protect your leather from the harsh effects of moisture and dust.</p>
<p><strong>Key Ingredients:</strong></p>
<ul>
<li>
<strong>Beeswax</strong>: Provides a natural barrier against moisture and dust</li>
<li>
<strong>Carnauba Wax</strong>: Derived from the leaves of Brazilian palm trees, this wax enhances leather suppleness and durability</li>
<li>
<strong>Montan Wax</strong>: A mineral-based wax that adds depth and richness to the leather finish</li>
<li>
<strong>Turrentine Spirit</strong>: Distilled from the pine trees of Southern Europe, this spirit carefully conditions the leather, improving the absorption of the balm and leaving a natural, protective finish</li>
</ul>
<p><strong>Benefits:</strong></p>
<ul>
<li>
<strong>Deep conditioning</strong>: Nourishes and moisturizes leather to maintain its suppleness and flexibility</li>
</ul>",Saphir,Home & Garden > Household Supplies > Shoe Care & Tools > Shoe Polishes & Waxes > Shoe Waxes,"","Autumn, Protect, Repel, Reviver, Saphir, Shoe Care, Winter",true,Title,Default Title,,,,,,,,,0.0,shopify,25,deny,manual,15.99,18.99,true,true,,https://cdn.shopify.com/s/files/1/0922/4883/4388/files/saphir-batu-vaskas-pate-de-luxe.jpg?v=1735511756,1,"",false,,,,,,,,,,,,,,,,,,,,,,,,,,,,,,,,,,,kg,,,true,,,true,,,active
bufalo-universal-stain-remover,Búfalo Universal Stain Remover,"<p>Are you tired of dealing with stubborn stains on your leather items? Look no further than the<span> universal stain remover</span>, a powerful and effective stain remover designed to tackle even the toughest marks.</p>
<p>This innovative product is perfect for cleaning a wide range of leather types, including natural, synthetic, and textile materials, with the exception of thin and easily damaged leathers. The stain remover is easy to use: simply apply it to the affected area, let it sit for a moment, and then wipe clean with a damp cloth.</p>
<p>The<span> Búfalo universal stain remover</span><span> </span>is particularly effective at removing dirt and snow stains, as well as salt residue. To ensure optimal results, we recommend using a gentle soap solution or a waterproofing treatment, such as our<span> </span><strong>Búfalo</strong><span> </span>leather care products, after cleaning.</p>
<p>Key Features:</p>
<ul>
<li>Effective at removing dirt, snow, and salt stains</li>
<li>Suitable for natural, synthetic, and textile leathers</li>
<li>Easy to use and gentle on most leather types</li>
<li>75ml capacity</li>
</ul>",Bufalo,Home & Garden > Household Supplies > Shoe Care & Tools > Shoe Polishers,"","Autumn, Bufalo, Cleaner, Shoe Care, Spring",true,Title,Default Title,,,,,,,,,0.0,shopify,25,continue,manual,6.99,8.99,true,true,,https://cdn.shopify.com/s/files/1/0922/4883/4388/files/universalus-demiu-valiklis-bufalo.jpg?v=1735489631,1,"",false,,,,,,,,,,,,,,,,,,,,,,,milk,,full-fat,,,,,,,,,,kg,,,true,,,true,,,active
jason-markk-repel-spray,Jason Markk Repel Spray,"<p><strong>Jason Markk Repel Spray for Shoes</strong></p>
<p>Protect your shoes from water and stains with Jason Markk's Repel Spray, a water-based formula that creates a breathable barrier to repel liquids and prevent damage. This versatile spray is safe to use on various materials, including nubuck, suede, natural leather, and more.</p>
<p>The Jason Markk Repel Spray is designed for repeated use and comes in a convenient applicator bottle. By applying this spray to your shoes, you can prevent water spots, stains, and other forms of damage, ensuring your shoes remain in great condition for a longer period.</p>
<p>To maintain the quality of your shoes, it's essential to follow the manufacturer's guidelines for care and maintenance. For specific advice on caring for your shoes, please refer to the product label or the manufacturer's recommendations.</p>
<p><strong>Key Features:</strong></p>
<ul>
<li>Water-based formula for safe use on various materials</li>
<li>Creates a breathable barrier to repel liquids and prevent damage</li>
<li>Convenient applicator bottle for repeated use</li>
<li>Suitable for use on nubuck, suede, natural leather, and more</li>
</ul>
<p><strong>Benefits:</strong></p>
<ul>
<li>Prevent water spots and stains on your shoes</li>
<li>Protect your shoes from damage and wear</li>
<li>Maintain the quality and appearance of your shoes for a longer period</li>
</ul>
<p>By using Jason Markk's Repel Spray for Shoes, you can enjoy the benefits of a well-maintained and protected shoe collection. Order now and keep your shoes looking their best.</p>
<p> </p>",Jason Markk,Home & Garden > Household Supplies > Shoe Care & Tools > Shoe Polishers,"","Jason Markk, Repel, Spray",true,Title,Default Title,,,,,,,,,0.0,shopify,25,continue,manual,21.99,23.99,true,true,,https://cdn.shopify.com/s/files/1/0922/4883/4388/files/jason-markk-repel-spray.jpg?v=1735489856,1,"",false,,,,,,,,,,,,,,,,,,,,,,,milk,,full-fat,,,,,,,,,,kg,,,true,,,true,,,active
jason-markk-repel-spray,,,,,,,,,,,,,,,,,,,,,,,,,,,,https://cdn.shopify.com/s/files/1/0922/4883/4388/files/jason-markk-repel-spray-1.webp?v=1738510522,2,"",,,,,,,,,,,,,,,,,,,,,,,,,,,,,,,,,,,,,,,,,,,,,
jason-markk-moso-shoe-inserts,Jason Markk Moso Shoe Inserts,"<p>Are you tired of dealing with smelly shoes? Look no further than Jason Markk Moso Shoe Inserts, a revolutionary shoe care product designed to eliminate odors and keep your feet fresh. Made from natural bamboo charcoal, these inserts are perfect for anyone who wants to keep their shoes odor-free and in great condition.</p>
<p><strong>How it works</strong></p>
<p>The Jason Markk Moso Shoe Inserts work by absorbing and neutralizing odors, moisture, and bacteria that can cause unpleasant smells. Simply place the inserts in your shoes and let them do their magic. The bamboo charcoal will absorb any excess moisture and odor-causing particles, leaving your shoes smelling fresh and clean.</p>
<p><strong>Key Benefits</strong></p>
<ul>
<li>Eliminates odors and moisture from shoes</li>
<li>Made from natural bamboo charcoal for a sustainable and eco-friendly option</li>
<li>Perfect for people who wear shoes frequently, especially those who work outdoors or engage in athletic activities</li>
<li>Easy to use and maintain - simply replace the inserts every few months</li>
<li>Keeps shoes in great condition by absorbing moisture and preventing damage</li>
</ul>
<p><strong>Why Choose Jason Markk Moso Shoe Inserts?</strong></p>
<p>At viskasbatams.lt, we understand the importance of keeping your shoes in great condition. That's why we offer the Jason Markk Moso Shoe Inserts, a high-quality shoe care product that is designed to keep your feet fresh and your shoes looking their best. With its natural and sustainable design, this product is perfect for anyone who wants to keep their shoes odor-free and in great condition. Order now and experience the difference for yourself!</p>
<p> </p>",Jason Markk,Home & Garden > Household Supplies > Shoe Care & Tools,"","Deodorant, eco, Jason Markk, Shoe Care, summer",true,Title,Default Title,,,,,,,,,0.0,shopify,25,continue,manual,15.99,18.39,true,true,,https://cdn.shopify.com/s/files/1/0922/4883/4388/files/jason-markk-moso-shoe-inserts-kvapa-panaikinanti-priemone-jm104008.jpg?v=1735490126,1,"",false,,,,,,,,,,,,,,,,,,,,,,,milk,,full-fat,,,,,,,,,,kg,,,true,,,true,,,active
jason-markk-moso-shoe-inserts,,,,,,,,,,,,,,,,,,,,,,,,,,,,https://cdn.shopify.com/s/files/1/0922/4883/4388/files/MosoAction.webp?v=1738511181,2,"",,,,,,,,,,,,,,,,,,,,,,,,,,,,,,,,,,,,,,,,,,,,,
jason-markk-shoe-cleaner-solution,Jason Markk Shoe Cleaner Solution,"<p>Elevate your shoe care routine with the Jason Markk 8 oz. Premium Shoe Cleaner, a superior quality cleaning solution made in the USA. This eco-friendly and biodegradable formula is designed to effectively clean and condition your shoes, leaving them looking like new.</p>
<p><strong>Key Features:</strong></p>
<ul>
<li>
<strong>Biologically pure and eco-friendly</strong>: Our updated formula is safer for the environment and provides a deeper clean for your shoes.</li>
<li>
<strong>Concentrated formula</strong>: 236 ml of cleaning solution is enough for up to 200 shoe applications.</li>
<li>
<strong>Safe for all surfaces</strong>: Gentle on all materials, including natural, synthetic, and textured surfaces.</li>
</ul>
<p><strong>Why Choose Jason Markk Premium Shoe Cleaner?</strong></p>
<ul>
<li>Effectively removes dirt and stains from your shoes</li>
<li>Conditions and protects the material to maintain its quality and appearance</li>
<li>Easy to use and gentle on surfaces</li>
<li>Suitable for a variety of shoe types, including leather, suede, and more</li>
</ul>
<p><strong>Tips for Shoe Care:</strong></p>
<ul>
<li>Regularly clean and condition your shoes to maintain their quality and appearance</li>
<li>Use a shoe protector to prevent water and stains from affecting your shoes</li>
<li>Follow the manufacturer's instructions for specific shoe types and materials</li>
</ul>
<p><strong>Order now and take the first step towards maintaining your shoes in pristine condition!</strong></p>",Jason Markk,Home & Garden > Household Supplies > Shoe Care & Tools > Shoe Treatments & Dyes > Shoe Treatments,"","Cleaner, Jason Markk",true,Title,Default Title,,,,,,,,,0.0,shopify,25,continue,manual,21.99,23.49,true,true,,https://cdn.shopify.com/s/files/1/0922/4883/4388/files/jason-markk-8-oz-premium-deep-cleaning-solution.jpg?v=1735490287,1,"",false,,,,,,,,,,,,,,,,,,,,,,,milk,,full-fat,,,,,,,,,,kg,,,true,,,true,,,active
jason-markk-shoe-cleaner-solution,,,,,,,,,,,,,,,,,,,,,,,,,,,,https://cdn.shopify.com/s/files/1/0922/4883/4388/files/jason-markk-8-oz-premium-deep-cleaning-solution-2.webp?v=1738510766,2,"",,,,,,,,,,,,,,,,,,,,,,,,,,,,,,,,,,,,,,,,,,,,,
jason-markk-shoe-cleaner-solution,,,,,,,,,,,,,,,,,,,,,,,,,,,,https://cdn.shopify.com/s/files/1/0922/4883/4388/files/jason-markk-8-oz-premium-deep-cleaning-solution-4.webp?v=1738510774,3,"",,,,,,,,,,,,,,,,,,,,,,,,,,,,,,,,,,,,,,,,,,,,,
solitaire-shoe-cleaner,Solitaire Shoe Cleaner,"<p>Are you tired of scuffed and worn-out shoes? Look no further! Our Shoe Care Solution is designed to provide a thorough cleaning and protection for your favorite footwear. This comprehensive product is specifically formulated to tackle tough stains and leave your shoes looking like new.</p>
<p><strong>Key Features:</strong></p>
<ul>
<li>Effective cleaning formula for a deep clean</li>
<li>Protects against water and stains</li>
<li>Easy to use, no need for complicated instructions</li>
<li>Suitable for all types of shoes, including leather and synthetic materials</li>
</ul>
<p><strong>Benefits:</strong></p>
<ul>
<li>Prolongs the life of your shoes by protecting against wear and tear</li>
<li>Easy to apply and remove, no residue left behind</li>
<li>Leaves a fresh, clean scent</li>
</ul>
<p><strong>Unique Selling Points:</strong></p>
<ul>
<li>Our Shoe Care Solution is specifically designed for shoes, ensuring a safe and effective cleaning process</li>
</ul>",Solitaire,Home & Garden > Household Supplies > Shoe Care & Tools > Shoe Treatments & Dyes > Shoe Treatments,"","Autumn, Restore, Shoe Care, Solitaire, Spring",true,Title,Default Title,,,,,,,,,0.0,shopify,25,continue,manual,6.99,9.89,true,true,,https://cdn.shopify.com/s/files/1/0922/4883/4388/files/valymo-priemone-batams-7927.jpg?v=1735487374,1,"",false,,,,,,,,,,,,,,,,,,,,,,,milk,,full-fat,,,,,,,,,,kg,,,true,,,true,,,active
ortho-movement-sneaker-insole,Ortho Movement Sneaker Insole,"<p>The Ortho Movement Sneaker Insole is a high-quality, long-lasting shoe care product designed to provide superior comfort, support, and protection for your feet. Crafted with a unique polyethylene material, these insoles offer excellent shock absorption and impact resistance, reducing the risk of foot fatigue and discomfort.</p>
<p><strong>Key Features:</strong></p>
<ul>
<li>
<strong>Superior Shock Absorption</strong>: The insoles' unique material absorbs shocks and impacts, ensuring a comfortable walking experience.</li>
<li>
<strong>Amortization and Comfort</strong>: The insoles provide excellent amortization, reducing the risk of foot fatigue and discomfort.</li>
<li>
<strong>Easy to Fit</strong>: Simply trim the insoles to your desired size for a comfortable fit.</li>
</ul>
<p><strong>Benefits:</strong></p>
<ul>
<li>
<strong>Improved Foot Comfort</strong>: The Ortho Movement Sneaker Insole provides superior comfort and support for your feet.</li>
<li>
<strong>Long-Lasting</strong>: The insoles are designed to last, ensuring you get the most out of your shoe care investment.</li>
<li>
<strong>Easy to Use</strong>: Simply insert the insoles into your shoes for a comfortable and protected fit.</li>
</ul>
<p><strong>Why Choose Ortho Movement Sneaker Insole?</strong></p>
<p>At viskasbatams.lt, we recommend the Ortho Movement Sneaker Insole for its exceptional quality, comfort, and protection. Whether you're looking to enhance your shoe care routine or simply want to provide your feet with the best possible comfort, this insole is the perfect choice. Order now and experience the difference for yourself.</p>",Ortho Movement,Apparel & Accessories > Clothing > Socks > Sneaker Socks,"","Autumn, Basic, Insole, Ortho Movement, Spring",true,Title,Default Title,,,,,,,,,0.0,shopify,25,continue,manual,16.99,18.39,true,true,,https://cdn.shopify.com/s/files/1/0922/4883/4388/files/standard-insole-sneaker.jpg?v=1739048320,1,"",false,,,,,,,,,,,,,,,,,,,,,,,milk,,full-fat,,,,,,,,,,kg,,,true,,,true,,,active
ortho-movement-sneaker-insole,,,,,,,,,,,,,,,,,,,,,,,,,,,,https://cdn.shopify.com/s/files/1/0922/4883/4388/files/sneaker-insole-standard-top.webp?v=1738511809,2,"",,,,,,,,,,,,,,,,,,,,,,,,,,,,,,,,,,,,,,,,,,,,,
ortho-movement-sneaker-insole,,,,,,,,,,,,,,,,,,,,,,,,,,,,https://cdn.shopify.com/s/files/1/0922/4883/4388/files/sneaker-insole-standard-under.webp?v=1738511814,3,"",,,,,,,,,,,,,,,,,,,,,,,,,,,,,,,,,,,,,,,,,,,,,
saphir-omni-nettoyant-cleaning-solution,Saphir Omni Nettoyant Cleaning Solution,"<p>Experience the art of shoe care with Saphir Omni'Nettoyant, a powerful and gentle cleaning solution designed specifically for shoes, boots, and other textile items. This effective product deeply cleans, removes dirt and stains, and restores the original appearance and texture of your shoes, leaving them looking like new.</p>
<p><strong>Key Features:</strong></p>
<ul>
<li>Easy to use: simply mix with water, apply to the shoe surface, and let it work its magic</li>
<li>Gentle yet effective: suitable for a variety of shoe materials, including suede and nubuck</li>
<li>Long-lasting results: helps to maintain the quality and appearance of your shoes for longer</li>
<li>Natural ingredients: Saphir products are renowned for their high-quality and eco-friendly approach to shoe care</li>
</ul>
<p><strong>Easy to Use and Effective Results</strong></p>
<p>To use Omni'Nettoyant, simply follow these easy steps:</p>
<ol>
<li>Test a small, inconspicuous area of the fabric first.</li>
<li>Mix the solution with water in a 1:1 ratio.</li>
<li>Apply the solution to the stained area using the built-in applicator.</li>
<li>Gently work the solution into the fabric until the stain disappears.</li>
<li>Rinse with clean water to remove any remaining residue.</li>
<li>Allow the garment to air dry away from direct sunlight and heat sources.</li>
</ol>",Saphir,Home & Garden > Household Supplies > Shoe Care & Tools > Shoe Care Kits,"","Autumn, Cleaner, Saphir, Shoe Care, Spring",true,Title,Default Title,,,,,,,,,0.0,shopify,25,continue,manual,15.29,18.39,true,true,,https://cdn.shopify.com/s/files/1/0922/4883/4388/files/Omnicleaner_1200x.png-2.png?v=1735488115,1,"",false,,,,,,,,,,,,,,,,,,,,,,,milk,,full-fat,,,,,,,,,,kg,,,true,,,true,,,active
saphir-omni-nettoyant-cleaning-solution,,,,,,,,,,,,,,,,,,,,,,,,,,,,https://cdn.shopify.com/s/files/1/0922/4883/4388/files/download_09f4638e-cd39-4cc4-b006-7a8097ca37cc.jpg?v=1739031975,2,"",,,,,,,,,,,,,,,,,,,,,,,,,,,,,,,,,,,,,,,,,,,,,
burgol-round-application-brush,Burgol Round Application Brush,"<p><strong>Round Application Brush</strong></p>
<p>This high-quality brush features a rounded tip, ideal for smooth and even application of various products. Its design allows for precise control, making it perfect for delicate or intricate tasks.</p>
<p><strong>Key Features:</strong></p>
<ul>
<li>Round tip for smooth and even application</li>
<li>Precise control for delicate or intricate tasks</li>
<li>Suitable for various applications, including cosmetics and art projects</li>
</ul>",Burgol,Home & Garden > Household Supplies > Shoe Care & Tools > Shoe Scrapers,"","Autumn, Brush, Burgol, Shoe Care",true,Title,Default Title,,,,,,,,,0.0,shopify,25,continue,manual,4.99,6.39,true,true,,https://cdn.shopify.com/s/files/1/0922/4883/4388/files/avalynes-kremo-aplikavimo-sepetys.jpg?v=1735488376,1,"",false,,,,,,,,,,,,,,,,,,,,,,,milk,,full-fat,,,,,,,,,,kg,,,true,,,true,,,active
bufalo-shoe-refresher,Bufalo Shoe Refresher,"<p>Are you tired of dealing with unpleasant odors and bacteria that linger on your shoe gear? Look no further than Búfalo Antibacterial Deodorizing Spray. This powerful and long-lasting spray is specifically designed for athletes, outdoor enthusiasts, and anyone who wants to keep their clothing fresh and odor-free.</p>
<p><strong>Key Features:</strong></p>
<ul>
<li>
<strong>Effective against bacteria</strong>: Búfalo Antibacterial Deodorizing Spray is designed to eliminate bacteria that cause unpleasant odors.</li>
<li>
<strong>Long-lasting protection</strong>: The spray provides a long-lasting effect, ensuring that your clothing stays fresh and odor-free for a longer period.</li>
<li>
<strong>Easy to use</strong>: Simply spray the product onto the inside of your clothing or gear, and let it work its magic overnight.</li>
</ul>
<p><strong>Benefits:</strong></p>
<ul>
<li>
<strong>Fresh and clean clothing</strong>: Say goodbye to unpleasant odors and hello to fresh and clean clothing that smells great.</li>
<li>
<strong>Confidence booster</strong>: With Búfalo Antibacterial Deodorizing Spray, you can feel confident and fresh throughout the day.</li>
<li>
<strong>Perfect for outdoor enthusiasts</strong>: Whether you're a skier, hiker, or athlete, this spray is perfect for keeping your clothing and gear fresh and odor-free.</li>
</ul>
<p><strong>Product Details:</strong></p>
<ul>
<li>
<strong>Volume:</strong><span> </span>100 ml</li>
<li>
<strong>Easy to use</strong>: Simply spray the product onto the inside of your clothing or gear, and let it work its magic overnight.</li>
</ul>",Bufalo,Home & Garden > Household Supplies > Shoe Care & Tools > Shoe Treatments & Dyes > Shoe Treatments,"","Bufalo, Deodorant, Shoe Care, Spring, summer",true,Title,Default Title,,,,,,,,,0.0,shopify,25,continue,manual,5.99,7.59,true,true,,https://cdn.shopify.com/s/files/1/0922/4883/4388/files/bufalo-active-fresh.jpg_qts_1721294470.pagespeed.ce.Q6jDI-kgMI.jpg?v=1739042962,1,"",false,,,,,,,,,,,,,,,,,,,,,,,milk,,full-fat,,,,,,,,,,kg,,,true,,,true,,,active
ugg-protector,UGG Protector,"<p>Elevate the lifespan of your UGG shoes with our UGG Protector, a cutting-edge shoe care product designed to repel water and stains. This innovative solution creates a breathable barrier that shields your beloved UGG shoes, boots, and slippers from the harsh effects of moisture and dirt.</p>
<p><strong>Key Features:</strong></p>
<ul>
<li>
<strong>Water-repellent</strong>: Effectively prevents water and stains from penetrating the surface of your UGG shoes.</li>
<li>
<strong>Breathable</strong>: Allows for airflow and moisture transfer, ensuring your shoes stay dry and comfortable.</li>
<li>
<strong>Non-toxic</strong>: Made from biodegradable and animal-free ingredients, making it safe for use around pets and children.</li>
<li>
<strong>Easy to apply</strong>: Simply wipe off excess dirt and apply the UGG Protector before or after use.</li>
</ul>
<p><strong>Benefits:</strong></p>
<ul>
<li>
<strong>Protects against stains</strong>: Safeguards your UGG shoes from unsightly stains and spills.</li>
<li>
<strong>Extends lifespan</strong>: Helps maintain the quality and appearance of your UGG shoes for a longer period.</li>
<li>
<strong>Easy maintenance</strong>: Reduces the need for frequent cleaning and conditioning.</li>
</ul>
<p><strong>Usage Tips:</strong></p>
<ul>
<li>Before applying the UGG Protector, clean your shoes with a UGG-approved cleaner and conditioner.</li>
<li>Apply a small amount of the protector to a soft cloth and gently rub it onto the surface of your shoes.</li>
<li>Allow the product to dry completely before wearing or storing your shoes.</li>
</ul>
<p>By incorporating the UGG Protector into your shoe care routine, you'll be able to enjoy your favorite UGG shoes for years to come. Order now and discover the convenience and protection it offers!</p>
<p> </p>",UGG,Home & Garden > Household Supplies > Shoe Care & Tools > Shoe Treatments & Dyes > Shoe Treatments,"","Autumn, Protect, Repel, Shoe Care, UGG, Winter",true,Title,Default Title,,,,,,,,,0.0,shopify,25,continue,manual,24.99,27.99,true,true,,https://cdn.shopify.com/s/files/1/0922/4883/4388/files/ugg-protector-177-ml-impregnantas-batams-1017848.jpg?v=1735486548,1,"",false,,,,,,,,,,,,,,,,,,,,,,,milk,,full-fat,,,,,,,,,,kg,,,true,,,true,,,active
bufalo-shoe-oil,Búfalo Shoe Oil,"<p>Revitalize your leather shoes with our premium Buffalo shoe oil. This nourishing treatment is designed to restore color, protect, and soften your leather goods. Our formula combines moisturizing and elasticizing properties to keep your shoes looking their best.</p>
<p><strong>Key Benefits:</strong></p>
<ul>
<li>Restores color and vibrancy to your leather shoes</li>
<li>Provides long-lasting protection against dryness and cracking</li>
<li>Softens and conditions leather for a supple finish</li>
<li>Suitable for natural leather care</li>
<li>Compatible with various colored leather products</li>
</ul>
<p><strong>Easy to Use:</strong></p>
<p>Apply the balm to a clean, dry leather surface using the included applicator. Gently massage the product into the leather to ensure even distribution.</p>
<p><strong>Product Details:</strong></p>
<ul>
<li>Volume: 75 ml</li>
<li>Perfect for revitalizing your leather shoes, bags, or accessories</li>
</ul>",Bufalo,Home & Garden > Household Supplies > Shoe Care & Tools,"","Autumn, Protect, Repel, Shoe Care, Winter",true,Title,Default Title,,,,,,,,,0.0,shopify,25,continue,manual,4.99,5.99,true,true,,https://cdn.shopify.com/s/files/1/0922/4883/4388/files/batu-tepalas-bufalo-bespalvis.jpg?v=1735486851,1,"",false,,,,,,,,,,,,,,,,,,,'1,,,,milk,,full-fat,,,,,,,,,,kg,,,true,,,true,,,active
bufalo-shoe-oil,,,,,,,,,,,,,,,,,,,,,,,,,,,,https://cdn.shopify.com/s/files/1/0922/4883/4388/files/download.jpg?v=1738851410,2,"",,,,,,,,,,,,,,,,,,,,,,,,,,,,,,,,,,,,,,,,,,,,,
dr-martens-shoe-care-kit,Dr. Martens Shoe Care Kit,"<p>Protect and maintain your Dr. Martens shoes with our comprehensive shoe care kit. This kit is designed to provide your shoes with the best possible care, ensuring they remain durable, comfortable, and look their best.</p>
<p>The kit includes:</p>
<ul>
<li>
<strong>Wonder Balsam 100ml</strong>: A nourishing balm that moisturizes and protects the leather, keeping it soft and supple.</li>
<li>
<strong>Dr. Martens Ultra Protector 100ml</strong>: A water-repellent impregnator that protects your shoes from water, snow, and other harsh elements.</li>
<li>
<strong>Dr. Martens Shoe Freshener 100ml</strong>: A refreshing spray that eliminates odors and leaves a pleasant scent.</li>
<li>
<strong>Cleaning cloth</strong>: A soft, absorbent cloth for easy cleaning and maintenance.</li>
</ul>
<p>Our shoe care kit is suitable for all types of leather, including natural, synthetic, and suede. Regular use will help to extend the life of your shoes, keep them looking their best, and prevent damage from the elements.</p>
<p><strong>Key Benefits:</strong></p>
<ul>
<li>Protects your shoes from water, snow, and other harsh elements</li>
<li>Moisturizes and softens the leather</li>
<li>Eliminates odors and leaves a pleasant scent</li>
<li>Easy to use and maintain</li>
</ul>
<p><strong>Order now and keep your Dr. Martens shoes looking their best!</strong></p>",Dr. Martens,Home & Garden > Household Supplies > Shoe Care & Tools > Shoe Care Kits,"","Dr. Martens, Kit, Shoe Care, summer",true,Title,Default Title,,,,,,,,,0.0,shopify,25,continue,manual,38.99,43.99,true,true,,https://cdn.shopify.com/s/files/1/0922/4883/4388/files/dr-martens-kit-3-ac775000.jpg?v=1735487222,1,"",false,,,,,,,,,,,,,,,,,,,,,,,milk,,full-fat,,,,,,,,,,kg,,,true,,,true,,,active
dr-martens-shoe-care-kit,,,,,,,,,,,,,,,,,,,,,,,,,,,,https://cdn.shopify.com/s/files/1/0922/4883/4388/files/AC775000.81.webp?v=1738512129,2,"",,,,,,,,,,,,,,,,,,,,,,,,,,,,,,,,,,,,,,,,,,,,,
dr-martens-shoe-care-kit,,,,,,,,,,,,,,,,,,,,,,,,,,,,https://cdn.shopify.com/s/files/1/0922/4883/4388/files/AC775000.82.webp?v=1738512136,3,"",,,,,,,,,,,,,,,,,,,,,,,,,,,,,,,,,,,,,,,,,,,,,
dr-martens-shoe-brush,Dr. Martens Shoe Brush,"<p>Keep your Dr. Martens shoes looking their best with our Shoe Brush, specifically designed for cleaning and maintaining your beloved footwear. Made from natural bristles and wood, this brush is perfect for gently removing dirt and grime from your shoes.</p>
<p><strong>Key Features:</strong></p>
<ul>
<li>Made from natural bristles and wood</li>
<li>Gentle on shoes, effective at removing dirt and grime</li>
<li>Perfect for cleaning Dr. Martens shoes</li>
<li>Easy to use and maintain</li>
</ul>
<p><strong>Benefits:</strong></p>
<ul>
<li>Keep your shoes looking new for longer</li>
<li>Prevent dirt and grime from building up</li>
<li>Make cleaning easier and more efficient</li>
<li>Extend the lifespan of your shoes</li>
</ul>
<p>By using our Dr. Martens Shoe Brush, you can enjoy peace of mind knowing that your shoes are being properly cared for. Order now and keep your shoes looking their best for years to come.</p>
<p> </p>",Dr. Martens,Home & Garden > Household Supplies > Shoe Care & Tools > Shoe Brushes,"","Autumn, Brush, Dr. Martens, Shoe Care, Winter",true,Title,Default Title,,,,,,,,,0.0,shopify,25,continue,manual,11.99,12.99,true,true,,https://cdn.shopify.com/s/files/1/0922/4883/4388/files/dr-martens-shoe-brush-batu-valymo-sepetys-ac777000.jpg?v=1735486296,1,"",false,,,,,,,,,,,,,,,,,,,,,,,milk,,full-fat,,,,,,,,,,kg,,,true,,,true,,,active
dr-martens-shoe-brush,,,,,,,,,,,,,,,,,,,,,,,,,,,,https://cdn.shopify.com/s/files/1/0922/4883/4388/files/AC776000.webp?v=1738512003,2,"",,,,,,,,,,,,,,,,,,,,,,,,,,,,,,,,,,,,,,,,,,,,,
ugg-care-kit,UGG Care Kit,"<p><strong>Protect and Revitalize Your UGG Shoes with Our Comprehensive Care Kit</strong></p>
<p>The UGG Care Kit is a specially designed shoe care solution for maintaining the quality and appearance of your UGG shoes. This comprehensive kit includes a natural-based cleaner and conditioner that effectively removes dirt, stains, and odors, while rejuvenating the softness and suppleness of your UGG sheepskin.</p>
<p><strong>What's Included:</strong></p>
<ul>
<li>
<strong>Protectant (177 ml)</strong>: A water-repellent impregnant to protect your UGG shoes from water and stains.</li>
<li>
<strong>Cleaning &amp; Conditioner (177 ml)</strong>: A natural-based cleaner and conditioner made from coconut and simmondsia oil, designed to gently clean and condition your UGG sheepskin.</li>
<li>
<strong>Shoe Renew (177 ml)</strong>: A deodorizing agent to eliminate unpleasant odors and leave your UGG shoes smelling fresh.</li>
<li>
<strong>Bamboo Brush</strong>: A soft-bristled brush for gentle cleaning and conditioning.</li>
<li>
<strong>Leather Renovator</strong>: A tool for restoring and rejuvenating your UGG sheepskin.</li>
</ul>
<p><strong>Key Features:</strong></p>
<ul>
<li>
<strong>Natural and Biodegradable Formula</strong>: Our cleaner and conditioner are made from natural ingredients, ensuring a safe and gentle treatment for your UGG shoes.</li>
<li>
<strong>Easy to Use</strong>: Simply apply a small amount of the cleaner to a damp cloth, gently scrub the surface, and let your UGG shoes air dry naturally.</li>
<li>
<strong>Prevents Damage</strong>: Avoid using harsh chemicals or abrasive materials that can damage your UGG shoes. Our care kit is specifically designed to protect and preserve the integrity of your sheepskin.</li>
<li>
<strong>Recommended for Regular Use</strong>: For optimal results, we recommend using the UGG Care Kit regularly to maintain the quality and appearance of your UGG shoes.</li>
</ul>
<p><strong>Benefits:</strong></p>
<ul>
<li>
<strong>Extends the Life of Your UGG Shoes</strong>: By regularly using our care kit, you can extend the life of your UGG shoes and keep them looking their best.</li>
<li>
<strong>Maintains Softness and Suppleness</strong>: Our natural-based formula helps to maintain the softness and suppleness of your UGG sheepskin, ensuring a comfortable fit and feel.</li>
<li>
<strong>Easy to Use and Store</strong>: Our care kit is easy to use and store, making it a convenient addition to your shoe care routine.</li>
</ul>
<p><strong>Important:</strong></p>
<ul>
<li>
<strong>Use with Caution</strong>: Avoid using the cleaner directly on the skin, as it may cause irritation. Instead, apply a small amount to a damp cloth and gently scrub the surface.</li>
<li>
<strong>Allow to Air Dry</strong>: Let your UGG shoes air dry naturally, away from direct sunlight or radiators.</li>
</ul>
<p><strong>Order Your UGG Care Kit Today and Keep Your UGG Shoes Looking Their Best!</strong></p>",UGG,Home & Garden > Household Supplies > Shoe Care & Tools > Shoe Care Kits,"","Kit, Shoe Care, summer, UGG",true,Title,Default Title,,,,,,,,,0.0,shopify,25,continue,manual,59.99,69.99,true,true,,https://cdn.shopify.com/s/files/1/0922/4883/4388/files/ugg-care-kit-1017846.jpg?v=1735485794,1,"",false,,,,,,,,,,,,,,,,,,,,,,,milk,,full-fat,,,,,,,,,,kg,,,true,,,true,,,active
burgol-dirt-cleaning-brush,Burgol Dirt Cleaning Brush,"<p>The Burgol dirt cleaning brush is a versatile cleaning tool designed for effortless dusting and polishing of surfaces. This product offers a convenient solution for maintaining a tidy and well-maintained environment.</p>
<p><strong>Key Features:</strong></p>
<ul>
<li>Fast and easy cleaning with minimal effort required</li>
<li>Dusting and polishing capabilities for various surfaces
<p><strong>Benefits:</strong></p>
<ul>
<li>Saves time and effort in maintaining a clean space</li>
<li>Effective dusting and polishing of surfaces</li>
<li>Convenient delivery and in-store pickup options</li>
<li>Durable and long-lasting design for repeated use</li>
</ul>
</li>
</ul>",Burgol,Home & Garden > Household Supplies > Shoe Care & Tools > Shoe Brushes,"","Autumn, Brush, Burgol, Shoe Care",true,Title,Default Title,,,,,,,,,0.0,shopify,25,continue,manual,9.99,11.69,true,true,,https://cdn.shopify.com/s/files/1/0922/4883/4388/files/purvo-valymo-sepetys-700x467-1.jpg?v=1735490488,1,"",false,,,,,,,,,,,,,,,,,,,,,,,milk,,full-fat,,,,,,,,,,kg,,,true,,,true,,,active
burgol-dirt-cleaning-brush,,,,,,,,,,,,,,,,,,,,,,,,,,,,https://cdn.shopify.com/s/files/1/0922/4883/4388/files/download_2dc41005-cc54-4ffc-b0ac-78de509a5396.jpg?v=1739032841,2,"",,,,,,,,,,,,,,,,,,,,,,,,,,,,,,,,,,,,,,,,,,,,,
crep-protect,Crep Protect,"<p>Keep your shoes looking their best with our revolutionary Crep Protect Spray. This game-changing shoe care product forms an invisible hydrophobic layer on your shoes, providing up to 4 weeks of long-lasting protection against liquids and stains.</p>
<p><strong>Key Features:</strong></p>
<ul>
<li>
<strong>Waterproofing Technology</strong>: Fast-drying and breathable, our spray creates a barrier that repels water and other liquids, ensuring your shoes stay dry and protected.</li>
<li>
<strong>Long-Lasting Protection</strong>: Lasting up to 4 weeks, our spray provides ongoing protection against stains and liquids, giving you peace of mind and confidence in your shoe's condition.</li>
<li>
<strong>Easy to Apply</strong>: Simply spray the product onto your shoes and let it dry for a quick and effortless application process.</li>
<li>
<strong>Secure and Safe</strong>: Our spray is designed with secure and safe payment options, including interest-free payments through Afterpay and Affirm.</li>
</ul>",Coccine,Home & Garden > Household Supplies > Shoe Care & Tools > Shoe Polishes & Waxes > Shoe Waxes,"","Autumn, Protect, Repel, Shoe Care, Winter",true,Title,Default Title,,,,,,,,,0.0,shopify,25,continue,manual,16.99,18.39,true,true,,https://cdn.shopify.com/s/files/1/0922/4883/4388/files/impregnatorius-crep-protect-the-ultimate-rain-stain.webp?v=1735484047,1,"",false,,,,,,,,,,,,,,,,,,,,,,,milk,,full-fat,,,,,,,,,,kg,,,true,,,true,,,active
crep-protect,,,,,,,,,,,,,,,,,,,,,,,,,,,,https://cdn.shopify.com/s/files/1/0922/4883/4388/files/INFO-GRAPHIC.jpg?v=1739043749,2,"",,,,,,,,,,,,,,,,,,,,,,,,,,,,,,,,,,,,,,,,,,,,,
crep-protect,,,,,,,,,,,,,,,,,,,,,,,,,,,,https://cdn.shopify.com/s/files/1/0922/4883/4388/files/2copy.jpg?v=1739043794,3,"",,,,,,,,,,,,,,,,,,,,,,,,,,,,,,,,,,,,,,,,,,,,,
coccine-nano-deo-silver,Coccine Nano Deo Silver,"<p>Experience the ultimate in shoe care with Coccine Nano Deo Silver, a revolutionary spray that protects and freshens your shoes for an extended period. This innovative product utilizes silver and silica nanoparticles to effectively eliminate unpleasant odors, leaving your shoes smelling fresh and clean.</p>
<p><strong>Key Features:</strong></p>
<ul>
<li>
<strong>Long-lasting odor protection</strong>: Coccine Nano Deo Silver creates a protective barrier that repels moisture and prevents the growth of microorganisms, which are often the source of unpleasant odors.</li>
<li>
<strong>Easy to use</strong>: Simply spray the product into the shoe's interior, ensuring even coverage.</li>
<li>
<strong>Suitable for various shoe types</strong>: This versatile product is designed for use on a wide range of shoes, including athletic, casual, and formal styles.</li>
</ul>
<p><strong>Benefits:</strong></p>
<ul>
<li>
<strong>Fresh and clean shoes</strong>: Coccine Nano Deo Silver leaves your shoes smelling great, ensuring you feel confident and prepared for any occasion.</li>
<li>
<strong>Extended shoe life</strong>: By preventing the growth of microorganisms and reducing moisture, this product helps extend the life of your shoes.</li>
<li>
<strong>Convenient and easy to use</strong>: The spray format makes it simple to apply the product, saving you time and effort.</li>
</ul>",Coccine,Home & Garden > Household Supplies > Shoe Care & Tools > Shoe Dryers,"","Deodorant, Shoe Care, summer",true,Title,Default Title,,,,,,,,,0.0,shopify,25,deny,manual,10.59,12.29,true,true,,https://cdn.shopify.com/s/files/1/0922/4883/4388/files/coccine-avalynes-dezodorantas-nano-deo-silver-150-0557c_original.jpg?v=1739048102,1,"",false,,,,,,,,,,,,,,,,,,,,,,,milk,,full-fat,,,,,,,,,,kg,,,true,,,true,,,active
coccine-cleaning-cube,Coccine Cleaning Cube,"<p>Elevate the appearance and longevity of your nubuck and suede shoes with the Coccine Cleaning Cube, a specialized shoe care product designed to restore and maintain the natural beauty of these delicate materials.</p>
<p>The Coccine Cleaning Cube is a gentle yet effective cleaning solution specifically formulated to remove dirt, grime, and stains from nubuck and suede shoes. Its unique formula helps to revitalize the color and texture of these surfaces, leaving them looking vibrant and refreshed.</p>
<p><strong>Key Features:</strong></p>
<ul>
<li>Gentle and safe to use on nubuck and suede shoes</li>
<li>Effective at removing dirt, grime, and stains</li>
<li>Helps to restore and maintain the natural color and texture of these surfaces</li>
<li>Easy to use and apply</li>
<li>Suitable for use on a wide range of nubuck and suede shoes</li>
</ul>
<p><strong>Benefits:</strong></p>
<ul>
<li>Extends the life of your nubuck and suede shoes by protecting them from wear and tear</li>
<li>Helps to maintain the appearance of your shoes, keeping them looking like new for longer</li>
<li>Easy to use and maintain, making it a convenient addition to your shoe care routine</li>
</ul>",Coccine,Home & Garden > Household Supplies > Shoe Care & Tools > Shoe Scrapers,"","Cheap, Coccine, Restore, Reviver, Shoe Care",true,Title,Default Title,,,,,,,,"",0.0,shopify,25,continue,manual,8.99,9.89,true,true,,https://cdn.shopify.com/s/files/1/0922/4883/4388/files/kostka-do-czyszczenia-zamszu-i-nubuku.png?v=1734647158,1,"",false,,,,,,,,,,,,,,,,,,,,,,,milk,,full-fat,,,,,,,,,,kg,,,true,,,true,,,active
coccine-suede-nubuck-brush,Coccine Suede & Nubuck Brush,"<p>Elevate your shoe care routine with the Coccine Suede and Nubuck Brush, designed to meticulously clean and maintain your premium footwear. This versatile tool is perfect for suede and nubuck shoes, but also suitable for textile shoes and alcantara upholstery.</p>
<p><strong>Key Features</strong></p>
<ul>
<li>Dual-sided design with a soft-bristled brush and eraser for efficient dirt removal</li>
<li>Mixed nylon-copper bristles for gentle yet effective dust removal</li>
<li>Rubber pad for thorough cleaning of crevices and joints</li>
<li>Suitable for use before and after shampooing and conditioning suede and nubuck shoes</li>
</ul>
<p><strong>Benefits</strong></p>
<ul>
<li>Protects suede and nubuck from damage with gentle cleaning and maintenance</li>
<li>Extends the lifespan of your shoes with regular use</li>
<li>Easy to use and maintain, with a durable plastic construction</li>
<li>Perfect for at-home shoe care or on-the-go touch-ups</li>
</ul>",Coccine,Home & Garden > Household Supplies > Shoe Care & Tools > Shoe Brushes,"","Autumn, Brush, Budget-Friendly, Shoe Care, summer",true,Title,Default Title,,,,,,,,,0.0,shopify,25,deny,manual,3.59,4.49,true,true,,https://cdn.shopify.com/s/files/1/0922/4883/4388/files/81486_szczotka-do-zamszu-coccine-plastikowa-621-6a.jpg?v=1734647097,1,"",false,,,,,,,,,,,,,,,,,,,,,,,milk,,full-fat,,,,,,,,,,kg,,,true,,,true,,,active
coccine-suede-nubuck-brush,,,,,,,,,,,,,,,,,,,,,,,,,,,,https://cdn.shopify.com/s/files/1/0922/4883/4388/files/81486_szczotka-do-zamszu-coccine-plastikowa-621-6-druga-strona.jpg?v=1734647097,2,"",,,,,,,,,,,,,,,,,,,,,,,,,,,,,,,,,,,,,,,,,,,,,
coccine-self-shining-sponge,Coccine Self - Shining Sponge,"<p>Experience the ultimate in shoe care with Coccine Self-Shinning shining sponge, a game-changing product designed to leave your shoes looking like new. This innovative tool combines a shiny coating with a easy-to-use applicator, making it effortless to achieve a professional finish at home.</p>
<p><strong>Key Features:</strong></p>
<ul>
<li>
<strong>Easy to Use</strong>: Simply apply the shiny coating to your shoes for a high-gloss finish</li>
<li>
<strong>Long-Lasting Results</strong>: The coating resists wear and tear, keeping your shoes looking great for longer</li>
<li>
<strong>Versatile</strong>: Suitable for a wide range of shoe types and materials</li>
<li>
<strong>Convenient</strong>: No need for complicated cleaning or conditioning products</li>
</ul>
<p><strong>Benefits:</strong></p>
<ul>
<li>
<strong>Protects Your Shoes</strong>: Prevents damage from water, dirt, and other environmental factors</li>
<li>
<strong>Enhances Appearance</strong>: Leaves your shoes looking like new, with a high-gloss finish</li>
<li>
<strong>Easy Maintenance</strong>: Simply reapply the coating as needed to keep your shoes looking their best</li>
</ul>",Coccine,Home & Garden > Household Supplies > Shoe Care & Tools > Shoe Polishes & Waxes > Shoe Polishes,"","Restore, Reviver, Shoe Care, Spring, summer",true,Title,Default Title,,,,,,,,,0.0,shopify,25,deny,manual,2.99,3.89,true,true,,https://cdn.shopify.com/s/files/1/0922/4883/4388/files/coccine-self-shinning-batu-kempinele-blizginimui-shining-sponge-maly.jpg?v=1734646926,1,"",false,,,,,,,,,,,,,,,,,,,,,,,milk,,full-fat,,,,,,,,,,kg,,,true,,,true,,,active
coccine-self-shining-sponge,,,,,,,,,,,,,,,,,,,,,,,,,,,,https://cdn.shopify.com/s/files/1/0922/4883/4388/files/coccine-self-shinning-batu-kempinele-blizginimui-shining-sponge-maly_566161aa-2a05-49d4-87a3-5259e6f02bdd.jpg?v=1739044450,2,"",,,,,,,,,,,,,,,,,,,,,,,,,,,,,,,,,,,,,,,,,,,,,
coccine-self-shining-sponge,,,,,,,,,,,,,,,,,,,,,,,,,,,,https://cdn.shopify.com/s/files/1/0922/4883/4388/files/coccine-self-shinning-batu-kempinele-blizginimui-shining-sponge-maly_88e0dbfa-72c3-44d7-98c5-08684f4353b7.jpg?v=1739044450,3,"",,,,,,,,,,,,,,,,,,,,,,,,,,,,,,,,,,,,,,,,,,,,,
coccine-nano-ravvivant,Coccine Nano Ravvivant,"<p>Revitalize and protect your black shoes with our advanced Coccine Nano Shoe Care Solution. This innovative product utilizes nanotechnology to restore and maintain the original color and texture of your leather shoes.</p>
<p><strong>Key Features:</strong></p>
<ul>
<li>
<strong>Effective Color Restoration</strong>: Our solution effectively revives and unifies the color of your leather shoes, removing any fading or discoloration.</li>
<li>
<strong>Moisture Protection</strong>: The nanoparticles in our formula help to reduce water absorption, preventing damage and maintaining the overall health of your shoes.</li>
<li>
<strong>Long-Lasting Results</strong>: Our product is designed to extend the lifespan of your shoes, ensuring they remain in great condition for a longer period.</li>
</ul>
<p><strong>Easy to Use:</strong></p>
<ol>
<li>Remove any existing dirt or debris from your shoes.</li>
<li>Shake the bottle well and spray the solution evenly onto the surface of your shoes.</li>
<li>Allow the solution to fully dry before applying additional coats or using your shoes.</li>
</ol>
<p><strong>Benefits:</strong></p>
<ul>
<li>Protects and maintains the color and texture of your leather shoes</li>
<li>Reduces water absorption and prevents damage</li>
<li>Extends the lifespan of your shoes</li>
<li>Easy to use and apply</li>
</ul>",Coccine,Home & Garden > Household Supplies > Shoe Care & Tools > Shoe Polishers,"","Autumn, Coccine, Restore, Shoe Care, Spring",true,Title,Default Title,,,,,,,,,0.0,shopify,25,deny,manual,3.69,5.89,true,true,,https://cdn.shopify.com/s/files/1/0922/4883/4388/files/721_5-optimized.webp?v=1734646077,1,"",false,,,,,,,,,,,,,,,,,,,,,3d-animation,,,,,one-time-purchase,windows,,individual; small-business; medium-sized-business-enterprise,,,,,,kg,,,true,,,true,,,active
coccine-nano-strong-protection,Coccine Nano Strong Protection,"<p>Keep your shoes looking their best with Coccine Nano Strong Protection, a powerful shoe care product designed to shield your footwear from water, dirt, and other environmental factors. This advanced formula creates a protective barrier on the surface of your shoes, preventing stains and damage from moisture and everyday wear.</p>
<ul>
<li>
<strong>Water-repellent and stain-resistant</strong>: Protects your shoes from water, dirt, and other substances that can damage the material.</li>
<li>
<strong>Easy to apply</strong>: Simply wipe or spray onto the surface of your shoes for a quick and effective application.</li>
<li>
<strong>Long-lasting protection</strong>: Provides long-lasting protection against water and stains, keeping your shoes looking their best for longer.</li>
<li>
<strong>Suitable for all types of shoes</strong>: Can be used on a variety of shoe materials, including leather, suede, and synthetic materials.</li>
</ul>
<p><strong>Benefits:</strong></p>
<ul>
<li>
<strong>Extends the lifespan of your shoes</strong>: By protecting your shoes from water and stains, you can extend their lifespan and get more wear out of them.</li>
<li>
<strong>Easy to maintain</strong>: Coccine Nano Strong Protection makes it easy to keep your shoes looking their best, with a simple and effective application process.</li>
<li>
<strong>Perfect for everyday use</strong>: Whether you're commuting to work or enjoying a weekend hike, Coccine Nano Strong Protection is the perfect solution for protecting your shoes from the elements.</li>
</ul>",Coccine,Home & Garden > Household Supplies > Shoe Care & Tools > Shoe Polishers,"","Autumn, Coccine, Protect, Repel, Shoe Care, Spring",true,Title,Default Title,,,,,,,,,0.0,shopify,25,deny,manual,11.29,14.39,true,true,,https://cdn.shopify.com/s/files/1/0922/4883/4388/files/coccine-priemone-apsauganti-nuo-dregmes-nano-strong-d4c22_original.jpg?v=1734645900,1,"",false,,,,,,,,,,,,,,,,,,,,,3d-animation,,,,,one-time-purchase,windows,,individual; small-business; medium-sized-business-enterprise,,,,,,kg,,,true,,,true,,,active
coccine-nano-strong-protection,,,,,,,,,,,,,,,,,,,,,,,,,,,,https://cdn.shopify.com/s/files/1/0922/4883/4388/files/download_3c5399d4-f6f4-443f-bb05-9aac240adfda.jpg?v=1739125917,2,"",,,,,,,,,,,,,,,,,,,,,,,,,,,,,,,,,,,,,,,,,,,,,
coccine-inside-cleaner,Coccine Inside Cleaner,"<p>Keep your shoes looking fresh and clean all summer long with our Inside Cleaner, a powerful yet gentle shoe care product. Our formula effectively removes dirt, stains, and unpleasant odors from various shoe materials, including leather, suede, and synthetic fabrics.</p>
<p><strong>Key Features:</strong></p>
<ul>
<li>
<strong>Effective Cleaning</strong>: Our Inside Cleaner contains mild cleansing agents that thoroughly remove dirt, dust, and stains from your shoes.</li>
<li>
<strong>Odor Elimination</strong>: The product neutralizes unpleasant smells caused by sweat and dead skin cells, leaving your shoes smelling fresh and clean.</li>
<li>
<strong>Easy to Use</strong>: The compact bottle comes with a built-in brush for easy application, and excess product can be easily wiped away with a clean cloth or paper towel.</li>
<li>
<strong>Safe for Various Materials</strong>: Our Inside Cleaner is designed to be gentle on different shoe materials, preventing damage or discoloration.</li>
<li>
<strong>Long-Lasting Protection</strong>: Regular use of our product helps extend the lifespan of your shoes by protecting them from dirt and wear.</li>
</ul>
<p><strong>Benefits:</strong></p>
<ul>
<li>Keep your shoes looking their best all summer long</li>
<li>Effectively remove dirt, stains, and unpleasant odors</li>
<li>Easy to use and gentle on various shoe materials</li>
<li>Long-lasting protection against dirt and wear</li>
</ul>",Coccine,Home & Garden > Household Supplies > Shoe Care & Tools > Shoe Polishers,"","Cleaner, Coccine, Shoe Care, Spring, summer",true,Title,Default Title,,,,,,,,,0.0,shopify,25,deny,manual,3.49,4.89,true,true,,https://cdn.shopify.com/s/files/1/0922/4883/4388/files/inside-cleaner-plyn-do-czyszczenia-sandalow-75-ml-c-premium.jpg?v=1734645793,1,"",false,,,,,,,,,,,,,,,,,,,,,3d-animation,,,,,one-time-purchase,windows,,individual; small-business; medium-sized-business-enterprise,,,,,,kg,,,true,,,true,,,active
coccine-nano-shampoo-foam,Coccine Nano Shampoo Foam,"<p>Say goodbye to stubborn stains and dirt with Coccine Nano, a powerful shoe care shampoo designed for all types of leather shoes, boots, and accessories. This gentle yet effective formula is perfect for maintaining the health and appearance of your footwear.</p>
<p><strong>Key Features:</strong></p>
<ul>
<ul>
<li>
<strong>Deep cleaning</strong>: Removes dirt, grime, and stubborn stains from leather surfaces</li>
<li>
<strong>Leather protection</strong>: Repels water and prevents cracking, ensuring your shoes stay healthy and durable</li>
<li>
<strong>Easy to use</strong>: Simply apply, work into a lather, and rinse for a quick and easy cleaning experience</li>
<li>
<strong>Suitable for</strong>: All types of leather shoes, boots, and accessories, including suede, nubuck, and patent leather</li>
</ul>
</ul>
<p><strong>Benefits:</strong></p>
<ul>
<ul>
<li>
<strong>Protects against stains</strong>: Coccine Nano's advanced formula prevents stains from setting in, making it easier to keep your shoes looking their best</li>
<li>
<strong>Leaves a fresh scent</strong>: Our shampoo leaves a pleasant, subtle aroma that won't overpower your senses</li>
</ul>
</ul>",Coccine,Home & Garden > Household Supplies > Shoe Care & Tools > Shoe Polishers,"","Autumn, Cleaner, Coccine, Shoe Care, summer",true,Title,Default Title,,,,,,,,,0.0,shopify,25,deny,manual,3.89,4.89,true,true,,https://cdn.shopify.com/s/files/1/0922/4883/4388/files/avalynes-sampunas-zomsai-nubukui-lygiai-odai-ir-tekstilei-coccine-nano-150ml-1.jpg?v=1734645689,1,"",false,,,,,,,,,,,,,,,,,,,,,3d-animation,,,,,one-time-purchase,windows,,individual; small-business; medium-sized-business-enterprise,,,,,,kg,,,true,,,true,,,active
coccine-multi-cleaner,Coccine Multi Cleaner,"<p>Effectively remove dirt, dust, and grime from your shoes with the<span> </span><strong>Multi Cleaner Coccine 75ml</strong>. This powerful shoe care product is designed to leave your shoes looking like new.</p>
<p><strong>Key Features:</strong></p>
<ul>
<li>Quickly and easily removes dirt, dust, and grime from shoes</li>
<li>Suitable for use on a variety of shoe materials</li>
<li>Gentle yet effective formula that won't damage or discolor shoes</li>
<li>Easy to use: simply apply, wipe clean, and let dry</li>
</ul>
<p><strong>Benefits:</strong></p>
<ul>
<li>Keep your shoes looking their best with regular use</li>
<li>Protect your investment by preventing dirt and grime from building up</li>
<li>Convenient and easy to use, making it perfect for busy lifestyles</li>
</ul>",Coccine,Home & Garden > Household Supplies > Shoe Care & Tools > Shoe Polishers,"","Cleaner, Coccine, Saphir, Shoe Care, Spring, summer",true,Title,Default Title,,,,,,,,,0.0,shopify,25,deny,manual,4.29,6.29,true,true,,https://cdn.shopify.com/s/files/1/0922/4883/4388/files/purvo-demiu-ir-drusku-valiklis-coccine-75ml-1.jpg?v=1734645569,1,"",false,,,,,,,,,,,,,,,,,,,,,3d-animation,,,,,one-time-purchase,windows,,individual; small-business; medium-sized-business-enterprise,,,,,,kg,,,true,,,true,,,active
coccine-cleaning-wipes,Coccine Cleaning Wipes,"<p>Easily maintain the appearance of your shoes and other leather products with our convenient Cleaning Wipes Coccine. These gentle, pre-moistened wipes are designed to effectively remove dirt, dust, grease, and other residues from smooth surfaces, including wood and plastic.</p>
<p>Each package contains 15 wipes, perfect for keeping on hand during unexpected messes or for regular maintenance. The mild leather cleaner is safe to use on a variety of leather products, including shoes, car upholstery, furniture, and jackets.</p>
<p>Before using, please test the effect on an inconspicuous area, as light skin color may darken. With Cleaning Wipes Coccine, you can enjoy a convenient and effective way to keep your shoes and leather products looking their best.</p>
<p><strong>Key Features:</strong></p>
<ul>
<ul>
<li>Gentle, pre-moistened wipes for easy use</li>
<li>Effective at removing dirt, dust, grease, and other residues</li>
<li>Suitable for a variety of leather products, including shoes, car upholstery, furniture, and jackets</li>
<li>Convenient packaging with 15 wipes per package</li>
</ul>
</ul>",Coccine,Home & Garden > Household Supplies > Shoe Care & Tools > Shoe Polishes & Waxes > Shoe Polishes,"","Autumn, Cleaner, Coccine, Shoe Care, Spring",true,Title,Default Title,,,,,,,,,0.0,shopify,25,deny,manual,2.59,3.59,true,true,,https://cdn.shopify.com/s/files/1/0922/4883/4388/files/eng_pm_Chusteczki-Czyszczace-Do-Skor-Clean-Wipe-15-szt-Coccine-39553_1.jpg?v=1734645475,1,"",false,,,,,,,,,,,,,,,,,,,,,3d-animation,,,,,one-time-purchase,windows,,individual; small-business; medium-sized-business-enterprise,,,,,,kg,,,true,,,true,,,active
coccine-leather-cleaner-super,Coccine Leather Cleaner Super,"<p>Are you tired of dealing with stubborn stains and dirt on your leather shoes? Look no further than Cleaner Super Coccine, the ultimate shoe care solution. This powerful and easy-to-use formula is specifically designed to clean and maintain the appearance of your leather shoes, leaving them looking like new.</p>
<p><strong>Key Features:</strong></p>
<ul>
<li>
<strong>Effective stain removal</strong>: Cleaner Super Coccine effortlessly removes dirt, grime, and stubborn stains from leather shoes, leaving them looking clean and refreshed.</li>
<li>
<strong>Gentle and non-abrasive</strong>: This formula is gentle on leather, making it safe to use on a variety of shoe types, including suede and nubuck.</li>
<li>
<strong>Easy to apply</strong>: Simply apply the solution to a cloth, work it into the shoe, and let it dry for a streak-free finish.</li>
<li>
<strong>Regular use maintains leather health</strong>: By using Cleaner Super Coccine regularly, you can help maintain the health and appearance of your leather shoes, extending their lifespan.</li>
</ul>
<p><strong>Benefits:</strong></p>
<ul>
<li>
<strong>Protects against water spots</strong>: Cleaner Super Coccine helps to repel water and prevent water spots from forming on your leather shoes.</li>
<li>
<strong>Leaves a fresh, clean scent</strong>: This formula leaves a fresh, clean scent that will leave your shoes smelling great.</li>
<li>
<strong>Convenient and easy to use</strong>: Cleaner Super Coccine is easy to apply and dries quickly, making it a convenient addition to your shoe care routine.</li>
</ul>",Coccine,Home & Garden > Household Supplies > Shoe Care & Tools > Shoe Polishers,"","Autumn, Cleaner, Coccine, Restore, Shoe Care, Spring",true,Title,Default Title,,,,,,,,,0.0,shopify,25,deny,manual,6.59,8.59,true,true,,https://cdn.shopify.com/s/files/1/0922/4883/4388/files/valymo-putos-lygiai-odai-coccine-100-ml-2-1.jpg?v=1734645353,1,"",false,,,,,,,,,,,,,,,,,,,,,3d-animation,,,,,one-time-purchase,windows,,individual; small-business; medium-sized-business-enterprise,,,,,,kg,,,true,,,true,,,active
coccine-nubuck-cleaner-super,Coccine Nubuck Cleaner Super,"<p>Effortlessly revive and protect your leather shoes with our Nubuck Cleaner Super Coccine. This universal cleaning solution is specifically designed for nubuck and suede shoes, gently removing dirt and stains without damaging the material.</p>
<p><strong>Key Features:</strong></p>
<ul>
<li>Effectively removes dirt, dust, and grime from nubuck and suede surfaces</li>
<li>Easy to use with a convenient spray bottle</li>
<li>Fast-acting formula that leaves no residue or streaks</li>
<li>Suitable for use on all types of leather and textiles</li>
</ul>
<p><strong>Benefits:</strong></p>
<ul>
<li>Protects your shoes from damage and wear</li>
<li>Restores their original appearance and texture</li>
<li>Easy to apply and use, with no complicated instructions</li>
<li>Perfect for maintaining your shoes between cleanings</li>
</ul>",Coccine,Home & Garden > Household Supplies > Shoe Care & Tools > Shoe Polishers,"","Autumn, Cleaner, Coccine, Protect, Shoe Care, Spring",true,Title,Default Title,,,,,,,,,0.0,shopify,25,deny,manual,6.49,8.49,true,true,,https://cdn.shopify.com/s/files/1/0922/4883/4388/files/valymo-putos-zomsai-ir-nubukui-coccine-100ml-3-1_4a1b136c-0edf-47bc-ad08-2fc562018039.jpg?v=1734645116,1,"",false,,,,,,,,,,,,,,,,,,,,,3d-animation,,,,,one-time-purchase,windows,,individual; small-business; medium-sized-business-enterprise,,,,,,kg,,,true,,,true,,,active
coccine-multiblock,Coccine Multiblock,"<p>Are you tired of dealing with dull, dirty, and damaged shoes? Look no further than Coccine Multiblock Spray, a powerful and versatile shoe care solution designed to protect and revitalize your footwear. This unique spray is specifically formulated to safeguard against moisture, dirt, and stains on all types of materials, ensuring your shoes remain looking their best for longer.</p>
<p><strong>Key Features:</strong></p>
<ul>
<li>
<strong>Multi-purpose protection</strong>: Apsauginis purškalas nuo drėgmės, dulkių ir nešvarumų visoms medžiagoms (protects against moisture, dirt, and stains on all materials)</li>
<li>
<strong>Easy to use</strong>: Simply spray a thin, even layer onto the affected area and let it dry</li>
<li>
<strong>UV protection</strong>: Apsaugo spalvą nuo blukimo dėl UV spindulių poveikio (protects colors from fading due to UV exposure)</li>
<li>
<strong>Non-toxic and eco-friendly</strong>: Sudėtyje nėra PFOA ir PFOS junginių (contains no PFOA and PFOS chemicals)</li>
</ul>
<p><strong>Benefits:</strong></p>
<ul>
<li>
<strong>Extends the life of your shoes</strong>: By protecting against moisture and dirt, Coccine Multiblock Spray helps to prevent damage and wear, keeping your shoes looking their best for longer.</li>
<li>
<strong>Easy maintenance</strong>: Simply spray and dry - no need for complicated cleaning or conditioning routines.</li>
<li>
<strong>Versatile</strong>: Suitable for use on all types of shoes, including leather, suede, and synthetic materials.</li>
</ul>",Coccine,Home & Garden > Household Supplies > Shoe Care & Tools > Shoe Polishers,"","Protect, Repel, Restore, Shoe Care, Spray, Spring",true,Title,Default Title,,,,,,,,"",0.0,shopify,25,deny,manual,5.39,7.39,true,true,"",https://cdn.shopify.com/s/files/1/0922/4883/4388/files/multiblock-250-ml-spray-c-premium.png?v=1733340325,1,"",false,,,,,,,,,,,,,,,,,,,,,3d-animation,,,,,one-time-purchase,windows,,individual; small-business; medium-sized-business-enterprise,,,,,,kg,,,true,,,true,,,active
coccine-multiblock,,,,,,,,,,,,,,,,,,,,,,,,,,,,https://cdn.shopify.com/s/files/1/0922/4883/4388/files/coccine-apsauginis-purskalas-nuo-dregmes-dulkiu-ir-19bc0-kaina_small_3eb18a74-bd27-4701-b55b-d7230dbfbe27.jpg?v=1739199377,2,"",,,,,,,,,,,,,,,,,,,,,,,,,,,,,,,,,,,,,,,,,,,,,
coccine-nano-wax,Coccine Nano Wax,"<p>Say goodbye to dull and dry shoes with our revolutionary Coccine Nano 50ml shoe care product. Formulated with advanced nanotechnology, this cream deeply penetrates into the shoe material, providing long-lasting protection and a luxurious finish.</p>
<p><strong>Key Features:</strong></p>
<ul>
<li>
<strong>Protects against aging and discoloration</strong>: Our unique formula creates a protective barrier that shields your shoes from the harsh effects of time and environment.</li>
<li>
<strong>Easy to apply</strong>: Simply apply a thin layer with the built-in applicator, and let it dry for a radiant finish.</li>
<li>
<strong>Effective against dust, dirt, and water</strong>: Our nanotechnology-based formula ensures your shoes stay clean and protected from the elements.</li>
<li>
<strong>Enhances shine and appearance</strong>: Coccine Nano 50ml leaves your shoes looking like new, with a deep, rich shine that will make them stand out.</li>
</ul>
<p><strong>Benefits:</strong></p>
<ul>
<li>
<strong>Extends the life of your shoes</strong>: Regular use of Coccine Nano 50ml will help extend the lifespan of your shoes, keeping them looking great for longer.</li>
<li>
<strong>Easy to use</strong>: Our product is designed for quick and easy application, making it perfect for busy lifestyles.</li>
<li>
<strong>Suitable for all types of shoes</strong>: Whether you have leather, suede, or synthetic shoes, Coccine Nano 50ml is the perfect solution for all your shoe care needs.</li>
</ul>",Coccine,Home & Garden > Household Supplies > Shoe Care & Tools > Shoe Polishes & Waxes > Shoe Waxes,"","Autumn, Coccine, Protect, Shoe Care, Spring",true,Title,Default Title,,,,,,,,"",0.0,shopify,25,deny,manual,2.59,3.79,true,true,"",https://cdn.shopify.com/s/files/1/0922/4883/4388/files/download_c589451d-20fc-430e-aa16-102375722568.jpg?v=1739199641,1,"",false,,,,,,,,,,,,,,,,,,,,,,,milk,,full-fat,,,,,,,,,,kg,,,true,,,true,,,active
coccine-nano-wax,,,,,,,,,,,,,,,,,,,,,,,,,,,,https://cdn.shopify.com/s/files/1/0922/4883/4388/files/download_c052bb6f-0ba0-4c12-a54a-e72fbc78c751.jpg?v=1739199663,2,"",,,,,,,,,,,,,,,,,,,,,,,,,,,,,,,,,,,,,,,,,,,,,
coccine-cream-elegance,Coccine Cream Elegance,"<p>Elevate your shoe game with Coccine Cream Elegance, a luxurious shoe care cream designed to provide long-lasting protection and a rich, elegant finish. This premium cream is specifically formulated to nourish and moisturize your shoes, leaving them looking like new for a longer period.</p>
<p><strong>Key Features:</strong></p>
<ul>
<li>Unique cream formula provides a rich, elegant finish</li>
<li>Long-lasting protection against dust and stains</li>
<li>Moisturizes and nourishes shoe leather for a soft, supple feel</li>
<li>Easy to apply with the convenient applicator</li>
<li>Suitable for a variety of shoe types and materials</li>
</ul>
<p><strong>Benefits:</strong></p>
<ul>
<li>Extends the life of your shoes by protecting them from wear and tear</li>
<li>Leaves a beautiful, glossy finish that enhances the appearance of your shoes</li>
<li>Easy to use and apply, making it a convenient addition to your shoe care routine</li>
<li>Suitable for a range of shoe types, including leather, suede, and more</li>
</ul>",Coccine,Home & Garden > Household Supplies > Shoe Care & Tools > Shoe Polishes & Waxes > Shoe Polishes,"","Autumn, Coccine, Protect, Shoe Care, Spring",true,Title,Default Title,,,,,,,,"",1000.0,shopify,25,continue,manual,3.99,4.99,true,true,"",https://cdn.shopify.com/s/files/1/0922/4883/4388/files/batu-tepalas-su-kempinele-neutralios-spalvos-nr-01-coccine-50-ml-2-1.jpg?v=1732421610,1,"",false,,,,,,,,,,,,,,,,,,,,one-size,,adults,,,,,,,,,,,,,kg,,0.01,true,,,true,,,active
